OpenNOW-Xenon persistent diagnostic log
Log format: sequence elapsed-ms level component message
Secrets, authorization headers, and request bodies are intentionally omitted.
000001 +0000000063ms INFO  logger: persistent logging opened at game:\opennow.log
000002 +0000000065ms INFO  boot: OpenNOW Xbox-kernel/XEX platform starting
000003 +0000000067ms INFO  xdk-video: initialization begin sdk=0
000004 +0000000069ms INFO  xdk-video: video mode reported=1920x1080 widescreen=1 progressive=1 selected=1280x720
000005 +0000000175ms INFO  xdk-video: CreateDevice complete device=40002A00
000006 +0000000179ms INFO  xdk-video: stream video shaders initialized
000007 +0000000182ms INFO  xdk-audio: initialization begin rate=48000 channels=2
000008 +0000000184ms INFO  xdk-audio: initialization complete engine=40009D10 voice=4001B760
000009 +0000000188ms INFO  xdk-net: insecure_sockets_allowed=1 xnet_flags=0x01
000010 +0000000190ms INFO  xdk-net: public Internet access uses XNet bypass, XEX privilege, and per-socket 0x5801 marking
000011 +0000000242ms INFO  xdk-net: title network ready status=0x00000068 ip=0xc0a802cc
000012 +0000000243ms INFO  boot: XEX platform ready display=1280x720
000013 +0000000245ms INFO  main: entered application main; persistent_log=game:\opennow.log
000014 +0000000297ms INFO  ui: first frame presented display=1280x720 chars=0
000015 +0000000301ms INFO  ui: first non-empty text frame presented chars=116
000016 +0000000303ms INFO  http: XEX HTTPS transport initialized (mbedTLS/Winsock)
000017 +0000000305ms INFO  main: checking saved authentication session at game:\opennow_session.json
000018 +0000000316ms INFO  storage: session file parsed path=game:\opennow_session.json bytes=1757 usable=1
000019 +0000000318ms INFO  auth: saved session loaded provider=NVIDIA user_name_length=14
000020 +0000000323ms INFO  auth: refreshing saved session if required
000021 +0000000366ms INFO  storage: session file write path=game:\opennow_session.json result=1
000022 +0000000368ms INFO  auth: saved session refresh complete persisted=1
000023 +0000000370ms INFO  catalog: fetching authenticated catalog
000024 +0000000378ms INFO  http: request begin method=GET url=https://prod.cloudmatchbeta.nvidiagrid.net/v2/serverInfo request_bytes=0 headers=15
000025 +0000000380ms INFO  tls: CA bundle selected path=game:\cacert.pem
000026 +0000000384ms INFO  tls: connect begin host=prod.cloudmatchbeta.nvidiagrid.net port=443 ca=game:\cacert.pem
000027 +0000000386ms INFO  socket: preflight mode=XNet bypass-security plus DashLaunch sockpatch
000028 +0000000403ms INFO  dns: lookup complete host=prod.cloudmatchbeta.nvidiagrid.net status=0 addresses=5 elapsed_ms=15
000029 +0000000405ms INFO  socket: resolved endpoint host=prod.cloudmatchbeta.nvidiagrid.net ipv4=66.22.140.145 port=443 raw=0x42168c91
000030 +0000000407ms DEBUG socket: probe attempt=1 strategy=5801-only create=0x1f254000 wsa=0
000031 +0000000419ms INFO  socket: probe result strategy=5801-only opt5802=0/0 opt5801=0/0 connect=0/0 elapsed_ms=35
000032 +0000000421ms DEBUG tls: CA load begin path=game:\cacert.pem
000033 +0000000485ms INFO  tls: CA load complete path=game:\cacert.pem bytes=188900 skipped_certificates=59
000034 +0000000489ms INFO  tls: handshake begin host=prod.cloudmatchbeta.nvidiagrid.net
000035 +0000000538ms INFO  tls: connect complete host=prod.cloudmatchbeta.nvidiagrid.net port=443 spins=0 elapsed_ms=154
000036 +0000000557ms INFO  http: request end method=GET url=https://prod.cloudmatchbeta.nvidiagrid.net/v2/serverInfo status=200 response_bytes=9204 elapsed_ms=179
000037 +0000000561ms INFO  http: request begin method=POST url=https://games.geforce.com/graphql request_bytes=720 headers=16
000038 +0000000563ms INFO  tls: connect begin host=games.geforce.com port=443 ca=game:\cacert.pem
000039 +0000000565ms INFO  socket: preflight mode=XNet bypass-security plus DashLaunch sockpatch
000040 +0000000800ms INFO  dns: lookup complete host=games.geforce.com status=0 addresses=4 elapsed_ms=233
000041 +0000000802ms INFO  socket: resolved endpoint host=games.geforce.com ipv4=13.225.196.27 port=443 raw=0x0de1c41b
000042 +0000000806ms DEBUG socket: probe attempt=1 strategy=5801-only create=0x1f255000 wsa=0
000043 +0000000815ms INFO  socket: probe result strategy=5801-only opt5802=0/0 opt5801=0/0 connect=0/0 elapsed_ms=252
000044 +0000000818ms DEBUG tls: CA load begin path=game:\cacert.pem
000045 +0000000885ms INFO  tls: CA load complete path=game:\cacert.pem bytes=188900 skipped_certificates=59
000046 +0000000889ms INFO  tls: handshake begin host=games.geforce.com
000047 +0000000945ms INFO  tls: connect complete host=games.geforce.com port=443 spins=0 elapsed_ms=382
000048 +0000002184ms INFO  http: request end method=POST url=https://games.geforce.com/graphql status=200 response_bytes=350044 elapsed_ms=1623
000049 +0000002297ms INFO  http: request begin method=POST url=https://games.geforce.com/graphql request_bytes=724 headers=16
000050 +0000002299ms INFO  tls: connect begin host=games.geforce.com port=443 ca=game:\cacert.pem
000051 +0000002301ms INFO  socket: preflight mode=XNet bypass-security plus DashLaunch sockpatch
000052 +0000002309ms INFO  dns: lookup complete host=games.geforce.com status=0 addresses=4 elapsed_ms=6
000053 +0000002311ms INFO  socket: resolved endpoint host=games.geforce.com ipv4=13.225.196.29 port=443 raw=0x0de1c41d
000054 +0000002313ms DEBUG socket: probe attempt=1 strategy=5801-only create=0x1f256000 wsa=0
000055 +0000002320ms INFO  socket: probe result strategy=5801-only opt5802=0/0 opt5801=0/0 connect=0/0 elapsed_ms=21
000056 +0000002322ms DEBUG tls: CA load begin path=game:\cacert.pem
000057 +0000002404ms INFO  tls: CA load complete path=game:\cacert.pem bytes=188900 skipped_certificates=59
000058 +0000002424ms INFO  tls: handshake begin host=games.geforce.com
000059 +0000002471ms INFO  tls: connect complete host=games.geforce.com port=443 spins=0 elapsed_ms=172
000060 +0000003623ms INFO  http: request end method=POST url=https://games.geforce.com/graphql status=200 response_bytes=360955 elapsed_ms=1326
000061 +0000003738ms INFO  http: request begin method=POST url=https://games.geforce.com/graphql request_bytes=724 headers=16
000062 +0000003740ms INFO  tls: connect begin host=games.geforce.com port=443 ca=game:\cacert.pem
000063 +0000003742ms INFO  socket: preflight mode=XNet bypass-security plus DashLaunch sockpatch
000064 +0000003748ms INFO  dns: lookup complete host=games.geforce.com status=0 addresses=4 elapsed_ms=4
000065 +0000003750ms INFO  socket: resolved endpoint host=games.geforce.com ipv4=13.225.196.27 port=443 raw=0x0de1c41b
000066 +0000003752ms DEBUG socket: probe attempt=1 strategy=5801-only create=0x1f257000 wsa=0
000067 +0000003760ms INFO  socket: probe result strategy=5801-only opt5802=0/0 opt5801=0/0 connect=0/0 elapsed_ms=20
000068 +0000003762ms DEBUG tls: CA load begin path=game:\cacert.pem
000069 +0000003843ms INFO  tls: CA load complete path=game:\cacert.pem bytes=188900 skipped_certificates=59
000070 +0000003863ms INFO  tls: handshake begin host=games.geforce.com
000071 +0000003909ms INFO  tls: connect complete host=games.geforce.com port=443 spins=0 elapsed_ms=169
000072 +0000004918ms INFO  http: request end method=POST url=https://games.geforce.com/graphql status=200 response_bytes=335445 elapsed_ms=1180
000073 +0000005039ms INFO  catalog: catalog tabs prepared all=360 library=1
000074 +0000016090ms INFO  catalog: tab changed tab=library
000075 +0000018679ms INFO  catalog: selected title=Alan Wake 2 store=EPIC app_id_length=9
000076 +0000018727ms INFO  session: starting CloudMatch resolution=1280x720 fps=60 bitrate_kbps=12000
000077 +0000018733ms INFO  http: request begin method=POST url=https://prod.cloudmatchbeta.nvidiagrid.net/v2/nettestsession request_bytes=137 headers=16
000078 +0000018736ms INFO  tls: connect begin host=prod.cloudmatchbeta.nvidiagrid.net port=443 ca=game:\cacert.pem
000079 +0000018738ms INFO  socket: preflight mode=XNet bypass-security plus DashLaunch sockpatch
000080 +0000018756ms INFO  dns: lookup complete host=prod.cloudmatchbeta.nvidiagrid.net status=0 addresses=5 elapsed_ms=15
000081 +0000018758ms INFO  socket: resolved endpoint host=prod.cloudmatchbeta.nvidiagrid.net ipv4=66.22.140.135 port=443 raw=0x42168c87
000082 +0000018761ms DEBUG socket: probe attempt=1 strategy=5801-only create=0x1f258000 wsa=0
000083 +0000018773ms INFO  socket: probe result strategy=5801-only opt5802=0/0 opt5801=0/0 connect=0/0 elapsed_ms=37
000084 +0000018774ms DEBUG tls: CA load begin path=game:\cacert.pem
000085 +0000018829ms INFO  tls: CA load complete path=game:\cacert.pem bytes=188900 skipped_certificates=59
000086 +0000018833ms INFO  tls: handshake begin host=prod.cloudmatchbeta.nvidiagrid.net
000087 +0000018891ms INFO  tls: connect complete host=prod.cloudmatchbeta.nvidiagrid.net port=443 spins=0 elapsed_ms=155
000088 +0000019066ms INFO  http: request end method=POST url=https://prod.cloudmatchbeta.nvidiagrid.net/v2/nettestsession status=200 response_bytes=1607 elapsed_ms=333
000089 +0000019068ms INFO  session: network test HTTP=200 id_present=1
000090 +0000019070ms INFO  http: request begin method=POST url=https://prod.cloudmatchbeta.nvidiagrid.net/v2/session request_bytes=1533 headers=16
000091 +0000019072ms INFO  tls: connect begin host=prod.cloudmatchbeta.nvidiagrid.net port=443 ca=game:\cacert.pem
000092 +0000019076ms INFO  socket: preflight mode=XNet bypass-security plus DashLaunch sockpatch
000093 +0000019086ms INFO  dns: lookup complete host=prod.cloudmatchbeta.nvidiagrid.net status=0 addresses=5 elapsed_ms=8
000094 +0000019088ms INFO  socket: resolved endpoint host=prod.cloudmatchbeta.nvidiagrid.net ipv4=66.22.140.145 port=443 raw=0x42168c91
000095 +0000019090ms DEBUG socket: probe attempt=1 strategy=5801-only create=0x1f259000 wsa=0
000096 +0000019106ms INFO  socket: probe result strategy=5801-only opt5802=0/0 opt5801=0/0 connect=0/0 elapsed_ms=34
000097 +0000019108ms DEBUG tls: CA load begin path=game:\cacert.pem
000098 +0000019172ms INFO  tls: CA load complete path=game:\cacert.pem bytes=188900 skipped_certificates=59
000099 +0000019192ms INFO  tls: handshake begin host=prod.cloudmatchbeta.nvidiagrid.net
000100 +0000019256ms INFO  tls: connect complete host=prod.cloudmatchbeta.nvidiagrid.net port=443 spins=0 elapsed_ms=184
000101 +0000019575ms INFO  http: request end method=POST url=https://prod.cloudmatchbeta.nvidiagrid.net/v2/session status=200 response_bytes=4187 elapsed_ms=505
000102 +0000019668ms INFO  session: start response HTTP=200 api_status=1 patching=0 description=SUCCESS_STATUS
000103 +0000019671ms INFO  session: CloudMatch session created id_length=36 status=1
000104 +0000019710ms INFO  session: poll status=1 queue=0 patching=0 signaling=0 media=0 elapsed_s=0
000105 +0000024743ms INFO  http: request begin method=GET url=https://prod.cloudmatchbeta.nvidiagrid.net/v2/session/<redacted> request_bytes=0 headers=15
000106 +0000024801ms INFO  tls: connect begin host=prod.cloudmatchbeta.nvidiagrid.net port=443 ca=game:\cacert.pem
000107 +0000024802ms INFO  socket: preflight mode=XNet bypass-security plus DashLaunch sockpatch
000108 +0000024820ms INFO  dns: lookup complete host=prod.cloudmatchbeta.nvidiagrid.net status=0 addresses=5 elapsed_ms=16
000109 +0000024822ms INFO  socket: resolved endpoint host=prod.cloudmatchbeta.nvidiagrid.net ipv4=66.22.140.147 port=443 raw=0x42168c93
000110 +0000024825ms DEBUG socket: probe attempt=1 strategy=5801-only create=0x1f25a000 wsa=0
000111 +0000024836ms INFO  socket: probe result strategy=5801-only opt5802=0/0 opt5801=0/0 connect=0/0 elapsed_ms=35
000112 +0000024837ms DEBUG tls: CA load begin path=game:\cacert.pem
000113 +0000024914ms INFO  tls: CA load complete path=game:\cacert.pem bytes=188900 skipped_certificates=59
000114 +0000024934ms INFO  tls: handshake begin host=prod.cloudmatchbeta.nvidiagrid.net
000115 +0000024983ms INFO  tls: connect complete host=prod.cloudmatchbeta.nvidiagrid.net port=443 spins=0 elapsed_ms=182
000116 +0000025015ms INFO  http: request end method=GET url=https://prod.cloudmatchbeta.nvidiagrid.net/v2/session/<redacted> status=200 response_bytes=2326 elapsed_ms=272
000117 +0000025062ms INFO  session: poll status=1 queue=0 patching=0 signaling=1 media=1 elapsed_s=5
000118 +0000030079ms INFO  http: request begin method=GET url=https://prod.cloudmatchbeta.nvidiagrid.net/v2/session/<redacted> request_bytes=0 headers=15
000119 +0000030136ms INFO  tls: connect begin host=prod.cloudmatchbeta.nvidiagrid.net port=443 ca=game:\cacert.pem
000120 +0000030138ms INFO  socket: preflight mode=XNet bypass-security plus DashLaunch sockpatch
000121 +0000030157ms INFO  dns: lookup complete host=prod.cloudmatchbeta.nvidiagrid.net status=0 addresses=5 elapsed_ms=17
000122 +0000030159ms INFO  socket: resolved endpoint host=prod.cloudmatchbeta.nvidiagrid.net ipv4=66.22.140.145 port=443 raw=0x42168c91
000123 +0000030161ms DEBUG socket: probe attempt=1 strategy=5801-only create=0x1f25b000 wsa=0
000124 +0000030172ms INFO  socket: probe result strategy=5801-only opt5802=0/0 opt5801=0/0 connect=0/0 elapsed_ms=36
000125 +0000030174ms DEBUG tls: CA load begin path=game:\cacert.pem
000126 +0000030240ms INFO  tls: CA load complete path=game:\cacert.pem bytes=188900 skipped_certificates=59
000127 +0000030261ms INFO  tls: handshake begin host=prod.cloudmatchbeta.nvidiagrid.net
000128 +0000030342ms INFO  tls: connect complete host=prod.cloudmatchbeta.nvidiagrid.net port=443 spins=0 elapsed_ms=206
000129 +0000030396ms INFO  http: request end method=GET url=https://prod.cloudmatchbeta.nvidiagrid.net/v2/session/<redacted> status=200 response_bytes=2720 elapsed_ms=317
000130 +0000030400ms INFO  session: starting WebRTC signaling_url_length=59 media_host_length=43 media_port=48322 ice_servers=0
000131 +0000030409ms INFO  webrtc: start begin target=1280x720 fps=60 ice_servers=0
000132 +0000030411ms INFO  video-decode: FFmpeg H.264 decoder registered explicitly
000133 +0000030414ms INFO  video-decode: FFmpeg H.264 open begin version=54 target=1280x720 fps=60
000134 +0000030417ms DEBUG video-decode: context allocation returned ptr=4012FA10
000135 +0000030419ms DEBUG video-decode: frame allocation returned ptr=4012FE00
000136 +0000030421ms INFO  video-decode: avcodec_open2 begin codec=h264 single_thread=1
000137 +0000030423ms INFO  video-decode: FFmpeg H.264 open complete threads=1 type=0
000138 +0000030425ms INFO  audio-decode: Opus open begin rate=48000 channels=2
000139 +0000030427ms INFO  audio-decode: Opus open complete
000140 +0000030435ms INFO  libpeer: socket.c:87 XNet UDP direct-outbound option fd=522567680 opt5801=0/0
000141 +0000030438ms INFO  libpeer: socket.c:102 UDP receive buffer: 64512 bytes
000142 +0000030440ms INFO  libpeer: socket.c:149 UDP socket ready fd=522567680 type_rc=0 type=2 local=0.0.0.0:1086 raw_addr=0x00000000
000143 +0000030442ms INFO  libpeer: agent.c:38 create IPv4 UDP socket: 522567680
000144 +0000030444ms INFO  webrtc: peer connection created pc=40120010 configured_ice=1
000145 +0000030446ms INFO  websocket: connect begin url=wss://66-22-140-135.cloudmatchbeta.nvidiagrid.net:443/nvst/sign_in headers=3
000146 +0000030450ms INFO  tls: connect begin host=66-22-140-135.cloudmatchbeta.nvidiagrid.net port=443 ca=game:\cacert.pem
000147 +0000030452ms INFO  socket: preflight mode=XNet bypass-security plus DashLaunch sockpatch
000148 +0000030473ms INFO  dns: lookup complete host=66-22-140-135.cloudmatchbeta.nvidiagrid.net status=0 addresses=1 elapsed_ms=18
000149 +0000030474ms INFO  socket: resolved endpoint host=66-22-140-135.cloudmatchbeta.nvidiagrid.net ipv4=66.22.140.135 port=443 raw=0x42168c87
000150 +0000030476ms DEBUG socket: probe attempt=1 strategy=5801-only create=0x1f25d001 wsa=0
000151 +0000030489ms INFO  socket: probe result strategy=5801-only opt5802=0/0 opt5801=0/0 connect=0/0 elapsed_ms=39
000152 +0000030491ms DEBUG tls: CA load begin path=game:\cacert.pem
000153 +0000030557ms INFO  tls: CA load complete path=game:\cacert.pem bytes=188900 skipped_certificates=59
000154 +0000030577ms INFO  tls: handshake begin host=66-22-140-135.cloudmatchbeta.nvidiagrid.net
000155 +0000030656ms INFO  tls: connect complete host=66-22-140-135.cloudmatchbeta.nvidiagrid.net port=443 spins=0 elapsed_ms=206
000156 +0000030719ms INFO  websocket: connect complete url=wss://66-22-140-135.cloudmatchbeta.nvidiagrid.net:443/nvst/sign_in
000157 +0000030722ms INFO  stream: WebRTC start returned success state=signaling connected
000158 +0000030729ms DEBUG signaling: received messages=3
000159 +0000030854ms DEBUG signaling: received messages=1
000160 +0000030870ms INFO  signaling: offer received bytes=3164 remote_peer=1
000161 +0000030872ms INFO  signaling: remote description applied; creating answer
000162 +0000031141ms INFO  libpeer: peer_connection.c:958 ice server: stun:s1.stun.gamestream.nvidia.com:19308
000163 +0000031293ms INFO  libpeer: ports.c:139 STUN DNS alias normalized s1.stun.gamestream.nvidia.com -> nv.stun.gamestream.nvidia.com
000164 +0000031370ms INFO  libpeer: ports.c:200 Resolved s1.stun.gamestream.nvidia.com -> 52.10.212.90 raw=0x340ad45a
000165 +0000031372ms INFO  libpeer: agent.c:289 Resolved stun/turn server 52.10.212.90:19308
000166 +0000031374ms INFO  libpeer: socket.c:199 UDP connect fd=522567680 endpoint_raw=0x340ad45a port=19308 rc=0 wsa=0
000167 +0000031448ms ERROR libpeer: stun.c:224 Unknown Attribute Type: 0x802b
000168 +0000031450ms ERROR libpeer: stun.c:224 Unknown Attribute Type: 0x8022
000169 +0000031452ms INFO  ice: local candidates queued callback_bytes=984 queue=1
000170 +0000031456ms INFO  webrtc-state: state changed code=2 name=checking rtt_ms=-1 local_ice=0 remote_ice=0 pairs=0 frozen=0 checking=0 ok=0 failed=0
000171 +0000031461ms INFO  signaling: answer created sdp_bytes=1025 nvst_bytes=2100 queued_candidates=1
000172 +0000031464ms INFO  ice: local candidate signaling complete sent=1 total=2
000173 +0000031470ms INFO  ice: manual fallback scheduled ports=48322,47998,47999 candidates=3 media_hint_port=48322
000174 +0000031472ms DEBUG signaling: received messages=3
000175 +0000031510ms DEBUG signaling: received messages=1
000176 +0000031512ms INFO  ice: remote trickle candidate rc=0 bytes=67
000177 +0000031514ms INFO  libpeer: socket.c:199 UDP connect fd=522567680 endpoint_raw=0x42168c87 port=5004 rc=0 wsa=0
000178 +0000032156ms INFO  webrtc-state: state changed code=3 name=connected rtt_ms=1240 local_ice=2 remote_ice=1 pairs=2 frozen=1 checking=0 ok=1 failed=0
000179 +0000032263ms INFO  libpeer: dtls_srtp.c:310 Created inbound SRTP session
000180 +0000032265ms INFO  libpeer: dtls_srtp.c:330 Created outbound SRTP session
000181 +0000032295ms INFO  libpeer: peer_connection.c:601 SCTP create socket
000182 +0000032297ms INFO  webrtc-state: state changed code=4 name=completed rtt_ms=1240 local_ice=2 remote_ice=1 pairs=2 frozen=1 checking=0 ok=1 failed=0
000183 +0000032299ms ERROR libpeer: peer_connection.c:508 sctp not connected
000184 +0000034328ms INFO  datachannel: SCTP channel opened
000185 +0000034379ms ERROR audio-decode: opus_decode failed err=-4 text=corrupted stream packet_bytes=4
000186 +0000034381ms ERROR audio-decode: opus_decode failed err=-4 text=corrupted stream packet_bytes=163
000187 +0000034383ms ERROR audio-decode: opus_decode failed err=-4 text=corrupted stream packet_bytes=262
000188 +0000034386ms ERROR audio-decode: opus_decode failed err=-4 text=corrupted stream packet_bytes=346
000189 +0000034388ms ERROR audio-decode: opus_decode failed err=-4 text=corrupted stream packet_bytes=271
000190 +0000034390ms ERROR audio-decode: opus_decode failed err=-4 text=corrupted stream packet_bytes=270
000191 +0000034392ms ERROR audio-decode: opus_decode failed err=-4 text=corrupted stream packet_bytes=270
000192 +0000034394ms ERROR audio-decode: opus_decode failed err=-4 text=corrupted stream packet_bytes=270
000193 +0000034397ms ERROR audio-decode: opus_decode failed err=-4 text=corrupted stream packet_bytes=271
000194 +0000034400ms ERROR audio-decode: opus_decode failed err=-4 text=corrupted stream packet_bytes=270
000195 +0000034403ms ERROR audio-decode: opus_decode failed err=-4 text=corrupted stream packet_bytes=270
000196 +0000034406ms ERROR audio-decode: opus_decode failed err=-4 text=corrupted stream packet_bytes=270
000197 +0000034409ms ERROR audio-decode: opus_decode failed err=-4 text=corrupted stream packet_bytes=271
000198 +0000034412ms ERROR audio-decode: opus_decode failed err=-4 text=corrupted stream packet_bytes=273
000199 +0000034416ms ERROR audio-decode: opus_decode failed err=-4 text=corrupted stream packet_bytes=274
000200 +0000034418ms ERROR audio-decode: opus_decode failed err=-4 text=corrupted stream packet_bytes=275
000201 +0000034421ms ERROR audio-decode: opus_decode failed err=-4 text=corrupted stream packet_bytes=274
000202 +0000034425ms ERROR audio-decode: opus_decode failed err=-4 text=corrupted stream packet_bytes=271
000203 +0000034429ms ERROR audio-decode: opus_decode failed err=-4 text=corrupted stream packet_bytes=270
000204 +0000034432ms INFO  libpeer: peer_connection.c:781 binding request timeout; keeping completed transport alive
000205 +0000034435ms ERROR audio-decode: opus_decode failed err=-4 text=corrupted stream packet_bytes=269
000206 +0000034440ms DEBUG signaling: received messages=2
000207 +0000034442ms ERROR audio-decode: opus_decode failed err=-4 text=corrupted stream packet_bytes=268
000208 +0000034444ms ERROR audio-decode: opus_decode failed err=-4 text=corrupted stream packet_bytes=267
000209 +0000034446ms ERROR audio-decode: opus_decode failed err=-4 text=corrupted stream packet_bytes=267
000210 +0000034448ms ERROR audio-decode: opus_decode failed err=-4 text=corrupted stream packet_bytes=268
000211 +0000034450ms ERROR audio-decode: opus_decode failed err=-4 text=corrupted stream packet_bytes=267
000212 +0000034452ms ERROR audio-decode: opus_decode failed err=-4 text=corrupted stream packet_bytes=267
000213 +0000034455ms ERROR audio-decode: opus_decode failed err=-4 text=corrupted stream packet_bytes=266
000214 +0000034459ms ERROR audio-decode: opus_decode failed err=-4 text=corrupted stream packet_bytes=267
000215 +0000034463ms ERROR audio-decode: opus_decode failed err=-4 text=corrupted stream packet_bytes=267
000216 +0000034467ms ERROR audio-decode: opus_decode failed err=-4 text=corrupted stream packet_bytes=268
000217 +0000034471ms ERROR audio-decode: opus_decode failed err=-4 text=corrupted stream packet_bytes=270
000218 +0000034475ms ERROR audio-decode: opus_decode failed err=-4 text=corrupted stream packet_bytes=269
000219 +0000034479ms ERROR audio-decode: opus_decode failed err=-4 text=corrupted stream packet_bytes=269
000220 +0000034483ms ERROR audio-decode: opus_decode failed err=-4 text=corrupted stream packet_bytes=267
000221 +0000034487ms ERROR audio-decode: opus_decode failed err=-4 text=corrupted stream packet_bytes=267
000222 +0000034491ms ERROR audio-decode: opus_decode failed err=-4 text=corrupted stream packet_bytes=266
000223 +0000034495ms ERROR audio-decode: opus_decode failed err=-4 text=corrupted stream packet_bytes=265
000224 +0000034499ms ERROR audio-decode: opus_decode failed err=-4 text=corrupted stream packet_bytes=265
000225 +0000034503ms ERROR audio-decode: opus_decode failed err=-4 text=corrupted stream packet_bytes=267
000226 +0000034507ms ERROR audio-decode: opus_decode failed err=-4 text=corrupted stream packet_bytes=268
000227 +0000034511ms ERROR audio-decode: opus_decode failed err=-4 text=corrupted stream packet_bytes=268
000228 +0000034515ms ERROR audio-decode: opus_decode failed err=-4 text=corrupted stream packet_bytes=267
000229 +0000034519ms ERROR audio-decode: opus_decode failed err=-4 text=corrupted stream packet_bytes=267
000230 +0000034523ms ERROR audio-decode: opus_decode failed err=-4 text=corrupted stream packet_bytes=266
000231 +0000034529ms ERROR audio-decode: opus_decode failed err=-4 text=corrupted stream packet_bytes=266
000232 +0000034531ms ERROR audio-decode: opus_decode failed err=-4 text=corrupted stream packet_bytes=266
000233 +0000034534ms ERROR audio-decode: opus_decode failed err=-4 text=corrupted stream packet_bytes=267
000234 +0000034538ms ERROR audio-decode: opus_decode failed err=-4 text=corrupted stream packet_bytes=265
000235 +0000034542ms ERROR audio-decode: opus_decode failed err=-4 text=corrupted stream packet_bytes=264
000236 +0000034546ms ERROR audio-decode: opus_decode failed err=-4 text=corrupted stream packet_bytes=264
000237 +0000034550ms ERROR audio-decode: opus_decode failed err=-4 text=corrupted stream packet_bytes=267
000238 +0000034554ms ERROR audio-decode: opus_decode failed err=-4 text=corrupted stream packet_bytes=267
000239 +0000034557ms ERROR audio-decode: opus_decode failed err=-4 text=corrupted stream packet_bytes=267
000240 +0000034561ms ERROR audio-decode: opus_decode failed err=-4 text=corrupted stream packet_bytes=268
000241 +0000034564ms ERROR audio-decode: opus_decode failed err=-4 text=corrupted stream packet_bytes=269
000242 +0000034567ms ERROR audio-decode: opus_decode failed err=-4 text=corrupted stream packet_bytes=268
000243 +0000034570ms ERROR audio-decode: opus_decode failed err=-4 text=corrupted stream packet_bytes=265
000244 +0000034573ms ERROR audio-decode: opus_decode failed err=-4 text=corrupted stream packet_bytes=265
000245 +0000034576ms ERROR audio-decode: opus_decode failed err=-4 text=corrupted stream packet_bytes=266
000246 +0000034579ms ERROR audio-decode: opus_decode failed err=-4 text=corrupted stream packet_bytes=266
000247 +0000034582ms ERROR audio-decode: opus_decode failed err=-4 text=corrupted stream packet_bytes=266
000248 +0000034585ms ERROR audio-decode: opus_decode failed err=-4 text=corrupted stream packet_bytes=266
000249 +0000034588ms ERROR audio-decode: opus_decode failed err=-4 text=corrupted stream packet_bytes=267
000250 +0000034637ms ERROR video-decode: unsupported pixel format=12 size=1280x720
000251 +0000034676ms ERROR video-decode: unsupported pixel format=12 size=1280x720
000252 +0000034678ms ERROR audio-decode: opus_decode failed err=-4 text=corrupted stream packet_bytes=267
000253 +0000034680ms ERROR audio-decode: opus_decode failed err=-4 text=corrupted stream packet_bytes=269
000254 +0000034717ms ERROR video-decode: unsupported pixel format=12 size=1280x720
000255 +0000034719ms ERROR audio-decode: opus_decode failed err=-4 text=corrupted stream packet_bytes=267
000256 +0000034721ms ERROR audio-decode: opus_decode failed err=-4 text=corrupted stream packet_bytes=268
000257 +0000034724ms ERROR audio-decode: opus_decode failed err=-4 text=corrupted stream packet_bytes=266
000258 +0000034759ms ERROR video-decode: unsupported pixel format=12 size=1280x720
000259 +0000034792ms ERROR video-decode: unsupported pixel format=12 size=1280x720
000260 +0000034794ms ERROR audio-decode: opus_decode failed err=-4 text=corrupted stream packet_bytes=268
000261 +0000034796ms ERROR audio-decode: opus_decode failed err=-4 text=corrupted stream packet_bytes=267
000262 +0000034800ms ERROR audio-decode: opus_decode failed err=-4 text=corrupted stream packet_bytes=265
000263 +0000034802ms ERROR audio-decode: opus_decode failed err=-4 text=corrupted stream packet_bytes=264
000264 +0000034804ms ERROR audio-decode: opus_decode failed err=-4 text=corrupted stream packet_bytes=266
000265 +0000034806ms ERROR audio-decode: opus_decode failed err=-4 text=corrupted stream packet_bytes=266
000266 +0000034808ms ERROR audio-decode: opus_decode failed err=-4 text=corrupted stream packet_bytes=267
000267 +0000034811ms ERROR audio-decode: opus_decode failed err=-4 text=corrupted stream packet_bytes=267
000268 +0000034814ms ERROR audio-decode: opus_decode failed err=-4 text=corrupted stream packet_bytes=269
000269 +0000034817ms ERROR audio-decode: opus_decode failed err=-4 text=corrupted stream packet_bytes=266
000270 +0000034820ms ERROR audio-decode: opus_decode failed err=-4 text=corrupted stream packet_bytes=266
000271 +0000034823ms ERROR audio-decode: opus_decode failed err=-4 text=corrupted stream packet_bytes=266
000272 +0000034826ms ERROR audio-decode: opus_decode failed err=-4 text=corrupted stream packet_bytes=267
000273 +0000034829ms ERROR audio-decode: opus_decode failed err=-4 text=corrupted stream packet_bytes=268
000274 +0000034832ms WARN  libpeer: rtp.c:534 RTP H264: sequence gap inside fragmented NALU (46 -> 150)
000275 +0000034858ms ERROR video-decode: unsupported pixel format=12 size=1280x720
000276 +0000034877ms ERROR video-decode: unsupported pixel format=12 size=1280x720
000277 +0000034899ms ERROR video-decode: unsupported pixel format=12 size=1280x720
000278 +0000034923ms ERROR video-decode: unsupported pixel format=12 size=1280x720
000279 +0000034925ms ERROR audio-decode: opus_decode failed err=-4 text=corrupted stream packet_bytes=267
000280 +0000034927ms ERROR audio-decode: opus_decode failed err=-4 text=corrupted stream packet_bytes=266
000281 +0000034945ms ERROR video-decode: unsupported pixel format=12 size=1280x720
000282 +0000034947ms ERROR audio-decode: opus_decode failed err=-4 text=corrupted stream packet_bytes=265
000283 +0000034949ms ERROR audio-decode: opus_decode failed err=-4 text=corrupted stream packet_bytes=266
000284 +0000034953ms ERROR audio-decode: opus_decode failed err=-4 text=corrupted stream packet_bytes=265
000285 +0000034955ms ERROR audio-decode: opus_decode failed err=-4 text=corrupted stream packet_bytes=266
000286 +0000034958ms ERROR audio-decode: opus_decode failed err=-4 text=corrupted stream packet_bytes=267
000287 +0000034961ms ERROR audio-decode: opus_decode failed err=-4 text=corrupted stream packet_bytes=267
000288 +0000034963ms ERROR audio-decode: opus_decode failed err=-4 text=corrupted stream packet_bytes=268
000289 +0000034965ms ERROR audio-decode: opus_decode failed err=-4 text=corrupted stream packet_bytes=268
000290 +0000034968ms ERROR audio-decode: opus_decode failed err=-4 text=corrupted stream packet_bytes=269
000291 +0000034971ms ERROR audio-decode: opus_decode failed err=-4 text=corrupted stream packet_bytes=268
000292 +0000034975ms ERROR audio-decode: opus_decode failed err=-4 text=corrupted stream packet_bytes=269
000293 +0000034979ms ERROR audio-decode: opus_decode failed err=-4 text=corrupted stream packet_bytes=268
000294 +0000034982ms ERROR audio-decode: opus_decode failed err=-4 text=corrupted stream packet_bytes=267
000295 +0000035006ms ERROR video-decode: unsupported pixel format=12 size=1280x720
000296 +0000035025ms ERROR video-decode: unsupported pixel format=12 size=1280x720
000297 +0000035043ms ERROR video-decode: unsupported pixel format=12 size=1280x720
000298 +0000035062ms ERROR video-decode: unsupported pixel format=12 size=1280x720
000299 +0000035064ms ERROR audio-decode: opus_decode failed err=-4 text=corrupted stream packet_bytes=266
000300 +0000035065ms ERROR audio-decode: opus_decode failed err=-4 text=corrupted stream packet_bytes=266
000301 +0000035067ms ERROR audio-decode: opus_decode failed err=-4 text=corrupted stream packet_bytes=267
000302 +0000035069ms ERROR audio-decode: opus_decode failed err=-4 text=corrupted stream packet_bytes=267
000303 +0000035071ms ERROR audio-decode: opus_decode failed err=-4 text=corrupted stream packet_bytes=268
000304 +0000035073ms ERROR audio-decode: opus_decode failed err=-4 text=corrupted stream packet_bytes=270
000305 +0000035075ms ERROR audio-decode: opus_decode failed err=-4 text=corrupted stream packet_bytes=270
000306 +0000035079ms ERROR audio-decode: opus_decode failed err=-4 text=corrupted stream packet_bytes=271
000307 +0000035081ms ERROR audio-decode: opus_decode failed err=-4 text=corrupted stream packet_bytes=270
000308 +0000035084ms ERROR audio-decode: opus_decode failed err=-4 text=corrupted stream packet_bytes=271
000309 +0000035087ms ERROR audio-decode: opus_decode failed err=-4 text=corrupted stream packet_bytes=269
000310 +0000035090ms ERROR audio-decode: opus_decode failed err=-4 text=corrupted stream packet_bytes=269
000311 +0000035093ms ERROR audio-decode: opus_decode failed err=-4 text=corrupted stream packet_bytes=271
000312 +0000035096ms ERROR audio-decode: opus_decode failed err=-4 text=corrupted stream packet_bytes=270
000313 +0000035122ms ERROR video-decode: unsupported pixel format=12 size=1280x720
000314 +0000035140ms ERROR video-decode: unsupported pixel format=12 size=1280x720
000315 +0000035143ms ERROR audio-decode: opus_decode failed err=-4 text=corrupted stream packet_bytes=267
000316 +0000035145ms ERROR audio-decode: opus_decode failed err=-4 text=corrupted stream packet_bytes=265
000317 +0000035148ms ERROR audio-decode: opus_decode failed err=-4 text=corrupted stream packet_bytes=266
000318 +0000035151ms ERROR audio-decode: opus_decode failed err=-4 text=corrupted stream packet_bytes=266
000319 +0000035154ms ERROR audio-decode: opus_decode failed err=-4 text=corrupted stream packet_bytes=266
000320 +0000035156ms ERROR audio-decode: opus_decode failed err=-4 text=corrupted stream packet_bytes=266
000321 +0000035158ms ERROR audio-decode: opus_decode failed err=-4 text=corrupted stream packet_bytes=266
000322 +0000035160ms ERROR audio-decode: opus_decode failed err=-4 text=corrupted stream packet_bytes=265
000323 +0000035162ms ERROR audio-decode: opus_decode failed err=-4 text=corrupted stream packet_bytes=267
000324 +0000035164ms ERROR audio-decode: opus_decode failed err=-4 text=corrupted stream packet_bytes=268
000325 +0000035167ms ERROR audio-decode: opus_decode failed err=-4 text=corrupted stream packet_bytes=267
000326 +0000035172ms ERROR audio-decode: opus_decode failed err=-4 text=corrupted stream packet_bytes=266
000327 +0000035174ms ERROR audio-decode: opus_decode failed err=-4 text=corrupted stream packet_bytes=268
000328 +0000035177ms ERROR audio-decode: opus_decode failed err=-4 text=corrupted stream packet_bytes=270
000329 +0000035180ms ERROR audio-decode: opus_decode failed err=-4 text=corrupted stream packet_bytes=267
000330 +0000035204ms ERROR video-decode: unsupported pixel format=12 size=1280x720
000331 +0000035229ms ERROR video-decode: unsupported pixel format=12 size=1280x720
000332 +0000035247ms ERROR video-decode: unsupported pixel format=12 size=1280x720
000333 +0000035249ms ERROR audio-decode: opus_decode failed err=-4 text=corrupted stream packet_bytes=265
000334 +0000035251ms ERROR audio-decode: opus_decode failed err=-4 text=corrupted stream packet_bytes=266
000335 +0000035271ms ERROR video-decode: unsupported pixel format=12 size=1280x720
000336 +0000035274ms ERROR audio-decode: opus_decode failed err=-4 text=corrupted stream packet_bytes=266
000337 +0000035293ms ERROR video-decode: unsupported pixel format=12 size=1280x720
000338 +0000035295ms ERROR audio-decode: opus_decode failed err=-4 text=corrupted stream packet_bytes=267
000339 +0000035297ms ERROR audio-decode: opus_decode failed err=-4 text=corrupted stream packet_bytes=266
000340 +0000035315ms ERROR video-decode: unsupported pixel format=12 size=1280x720
000341 +0000035318ms ERROR audio-decode: opus_decode failed err=-4 text=corrupted stream packet_bytes=267
000342 +0000035337ms ERROR video-decode: unsupported pixel format=12 size=1280x720
000343 +0000035339ms ERROR audio-decode: opus_decode failed err=-4 text=corrupted stream packet_bytes=267
000344 +0000035341ms ERROR audio-decode: opus_decode failed err=-4 text=corrupted stream packet_bytes=269
000345 +0000035360ms ERROR video-decode: unsupported pixel format=12 size=1280x720
000346 +0000035362ms ERROR audio-decode: opus_decode failed err=-4 text=corrupted stream packet_bytes=268
000347 +0000035364ms ERROR audio-decode: opus_decode failed err=-4 text=corrupted stream packet_bytes=269
000348 +0000035410ms ERROR video-decode: unsupported pixel format=12 size=1280x720
000349 +0000035449ms ERROR video-decode: unsupported pixel format=12 size=1280x720
000350 +0000035451ms INFO  libpeer: peer_connection.c:781 binding request timeout; keeping completed transport alive
000351 +0000035453ms ERROR audio-decode: opus_decode failed err=-4 text=corrupted stream packet_bytes=266
000352 +0000035455ms ERROR audio-decode: opus_decode failed err=-4 text=corrupted stream packet_bytes=267
000353 +0000035458ms DEBUG signaling: received messages=1
000354 +0000035461ms ERROR audio-decode: opus_decode failed err=-4 text=corrupted stream packet_bytes=266
000355 +0000035463ms ERROR audio-decode: opus_decode failed err=-4 text=corrupted stream packet_bytes=266
000356 +0000035466ms ERROR audio-decode: opus_decode failed err=-4 text=corrupted stream packet_bytes=266
000357 +0000035469ms ERROR audio-decode: opus_decode failed err=-4 text=corrupted stream packet_bytes=267
000358 +0000035472ms ERROR audio-decode: opus_decode failed err=-4 text=corrupted stream packet_bytes=267
000359 +0000035477ms WARN  libpeer: rtp.c:534 RTP H264: sequence gap inside fragmented NALU (219 -> 224)
000360 +0000035479ms WARN  libpeer: rtp.c:534 RTP H264: sequence gap inside fragmented NALU (224 -> 236)
000361 +0000035515ms ERROR video-decode: unsupported pixel format=12 size=1280x720
000362 +0000035517ms WARN  libpeer: rtp.c:534 RTP H264: sequence gap inside fragmented NALU (257 -> 277)
000363 +0000035520ms ERROR audio-decode: opus_decode failed err=-4 text=corrupted stream packet_bytes=266
000364 +0000035522ms ERROR audio-decode: opus_decode failed err=-4 text=corrupted stream packet_bytes=267
000365 +0000035524ms ERROR audio-decode: opus_decode failed err=-4 text=corrupted stream packet_bytes=267
000366 +0000035526ms ERROR audio-decode: opus_decode failed err=-4 text=corrupted stream packet_bytes=266
000367 +0000035528ms ERROR audio-decode: opus_decode failed err=-4 text=corrupted stream packet_bytes=268
000368 +0000035530ms ERROR audio-decode: opus_decode failed err=-4 text=corrupted stream packet_bytes=269
000369 +0000035532ms ERROR audio-decode: opus_decode failed err=-4 text=corrupted stream packet_bytes=269
000370 +0000035534ms ERROR audio-decode: opus_decode failed err=-4 text=corrupted stream packet_bytes=268
000371 +0000035537ms ERROR audio-decode: opus_decode failed err=-4 text=corrupted stream packet_bytes=267
000372 +0000035540ms ERROR audio-decode: opus_decode failed err=-4 text=corrupted stream packet_bytes=268
000373 +0000035543ms ERROR audio-decode: opus_decode failed err=-4 text=corrupted stream packet_bytes=269
000374 +0000035546ms ERROR audio-decode: opus_decode failed err=-4 text=corrupted stream packet_bytes=270
000375 +0000035549ms ERROR audio-decode: opus_decode failed err=-4 text=corrupted stream packet_bytes=269
000376 +0000035552ms ERROR audio-decode: opus_decode failed err=-4 text=corrupted stream packet_bytes=269
000377 +0000035555ms ERROR audio-decode: opus_decode failed err=-4 text=corrupted stream packet_bytes=268
000378 +0000035558ms ERROR audio-decode: opus_decode failed err=-4 text=corrupted stream packet_bytes=269
000379 +0000035585ms ERROR video-decode: unsupported pixel format=12 size=1280x720
000380 +0000035604ms ERROR video-decode: unsupported pixel format=12 size=1280x720
000381 +0000035622ms ERROR video-decode: unsupported pixel format=12 size=1280x720
000382 +0000035624ms ERROR audio-decode: opus_decode failed err=-4 text=corrupted stream packet_bytes=268
000383 +0000035626ms ERROR audio-decode: opus_decode failed err=-4 text=corrupted stream packet_bytes=267
000384 +0000035650ms ERROR video-decode: unsupported pixel format=12 size=1280x720
000385 +0000035652ms ERROR audio-decode: opus_decode failed err=-4 text=corrupted stream packet_bytes=266
000386 +0000035654ms ERROR audio-decode: opus_decode failed err=-4 text=corrupted stream packet_bytes=266
000387 +0000035673ms ERROR video-decode: unsupported pixel format=12 size=1280x720
000388 +0000035677ms ERROR audio-decode: opus_decode failed err=-4 text=corrupted stream packet_bytes=267
000389 +0000035696ms ERROR video-decode: unsupported pixel format=12 size=1280x720
000390 +0000035698ms ERROR audio-decode: opus_decode failed err=-4 text=corrupted stream packet_bytes=266
000391 +0000035716ms ERROR video-decode: unsupported pixel format=12 size=1280x720
000392 +0000035718ms ERROR audio-decode: opus_decode failed err=-4 text=corrupted stream packet_bytes=265
000393 +0000035737ms ERROR video-decode: unsupported pixel format=12 size=1280x720
000394 +0000035739ms ERROR audio-decode: opus_decode failed err=-4 text=corrupted stream packet_bytes=268
000395 +0000035758ms ERROR video-decode: unsupported pixel format=12 size=1280x720
000396 +0000035761ms ERROR audio-decode: opus_decode failed err=-4 text=corrupted stream packet_bytes=268
000397 +0000035780ms ERROR video-decode: unsupported pixel format=12 size=1280x720
000398 +0000035782ms ERROR audio-decode: opus_decode failed err=-4 text=corrupted stream packet_bytes=270
000399 +0000035784ms ERROR audio-decode: opus_decode failed err=-4 text=corrupted stream packet_bytes=268
000400 +0000035787ms ERROR audio-decode: opus_decode failed err=-4 text=corrupted stream packet_bytes=266
000401 +0000035790ms ERROR audio-decode: opus_decode failed err=-4 text=corrupted stream packet_bytes=264
000402 +0000035793ms ERROR audio-decode: opus_decode failed err=-4 text=corrupted stream packet_bytes=265
000403 +0000035795ms ERROR audio-decode: opus_decode failed err=-4 text=corrupted stream packet_bytes=266
000404 +0000035798ms ERROR audio-decode: opus_decode failed err=-4 text=corrupted stream packet_bytes=267
000405 +0000035800ms ERROR audio-decode: opus_decode failed err=-4 text=corrupted stream packet_bytes=268
000406 +0000035804ms ERROR audio-decode: opus_decode failed err=-4 text=corrupted stream packet_bytes=270
000407 +0000035807ms ERROR audio-decode: opus_decode failed err=-4 text=corrupted stream packet_bytes=271
000408 +0000035809ms ERROR audio-decode: opus_decode failed err=-4 text=corrupted stream packet_bytes=270
000409 +0000035812ms ERROR audio-decode: opus_decode failed err=-4 text=corrupted stream packet_bytes=269
000410 +0000035815ms ERROR audio-decode: opus_decode failed err=-4 text=corrupted stream packet_bytes=268
000411 +0000035818ms ERROR audio-decode: opus_decode failed err=-4 text=corrupted stream packet_bytes=268
000412 +0000035822ms ERROR audio-decode: opus_decode failed err=-4 text=corrupted stream packet_bytes=268
000413 +0000035825ms ERROR audio-decode: opus_decode failed err=-4 text=corrupted stream packet_bytes=266
000414 +0000035828ms ERROR audio-decode: opus_decode failed err=-4 text=corrupted stream packet_bytes=267
000415 +0000035831ms ERROR audio-decode: opus_decode failed err=-4 text=corrupted stream packet_bytes=267
000416 +0000035834ms ERROR audio-decode: opus_decode failed err=-4 text=corrupted stream packet_bytes=267
000417 +0000035837ms ERROR audio-decode: opus_decode failed err=-4 text=corrupted stream packet_bytes=267
000418 +0000035840ms ERROR audio-decode: opus_decode failed err=-4 text=corrupted stream packet_bytes=266
000419 +0000035844ms ERROR audio-decode: opus_decode failed err=-4 text=corrupted stream packet_bytes=269
000420 +0000035847ms ERROR audio-decode: opus_decode failed err=-4 text=corrupted stream packet_bytes=268
000421 +0000035851ms ERROR audio-decode: opus_decode failed err=-4 text=corrupted stream packet_bytes=267
000422 +0000035854ms ERROR audio-decode: opus_decode failed err=-4 text=corrupted stream packet_bytes=268
000423 +0000035858ms ERROR audio-decode: opus_decode failed err=-4 text=corrupted stream packet_bytes=269
000424 +0000035884ms ERROR video-decode: unsupported pixel format=12 size=1280x720
000425 +0000035888ms ERROR audio-decode: opus_decode failed err=-4 text=corrupted stream packet_bytes=264
000426 +0000035890ms ERROR audio-decode: opus_decode failed err=-4 text=corrupted stream packet_bytes=264
000427 +0000035892ms ERROR audio-decode: opus_decode failed err=-4 text=corrupted stream packet_bytes=264
000428 +0000035894ms ERROR audio-decode: opus_decode failed err=-4 text=corrupted stream packet_bytes=265
000429 +0000035896ms ERROR audio-decode: opus_decode failed err=-4 text=corrupted stream packet_bytes=266
000430 +0000035899ms ERROR audio-decode: opus_decode failed err=-4 text=corrupted stream packet_bytes=268
000431 +0000035902ms ERROR audio-decode: opus_decode failed err=-4 text=corrupted stream packet_bytes=268
000432 +0000035905ms ERROR audio-decode: opus_decode failed err=-4 text=corrupted stream packet_bytes=270
000433 +0000035908ms ERROR audio-decode: opus_decode failed err=-4 text=corrupted stream packet_bytes=268
000434 +0000035911ms ERROR audio-decode: opus_decode failed err=-4 text=corrupted stream packet_bytes=267
000435 +0000035914ms ERROR audio-decode: opus_decode failed err=-4 text=corrupted stream packet_bytes=265
000436 +0000035917ms ERROR audio-decode: opus_decode failed err=-4 text=corrupted stream packet_bytes=266
000437 +0000035943ms ERROR video-decode: unsupported pixel format=12 size=1280x720
000438 +0000035962ms ERROR video-decode: unsupported pixel format=12 size=1280x720
000439 +0000035981ms ERROR video-decode: unsupported pixel format=12 size=1280x720
000440 +0000036000ms ERROR video-decode: unsupported pixel format=12 size=1280x720
000441 +0000036020ms ERROR video-decode: unsupported pixel format=12 size=1280x720
000442 +0000036038ms ERROR video-decode: unsupported pixel format=12 size=1280x720
000443 +0000036057ms ERROR video-decode: unsupported pixel format=12 size=1280x720
000444 +0000036059ms ERROR audio-decode: opus_decode failed err=-4 text=corrupted stream packet_bytes=266
000445 +0000036061ms ERROR audio-decode: opus_decode failed err=-4 text=corrupted stream packet_bytes=265
000446 +0000036063ms ERROR audio-decode: opus_decode failed err=-4 text=corrupted stream packet_bytes=266
000447 +0000036082ms ERROR video-decode: unsupported pixel format=12 size=1280x720
000448 +0000036086ms ERROR audio-decode: opus_decode failed err=-4 text=corrupted stream packet_bytes=267
000449 +0000036088ms ERROR audio-decode: opus_decode failed err=-4 text=corrupted stream packet_bytes=267
000450 +0000036107ms ERROR video-decode: unsupported pixel format=12 size=1280x720
000451 +0000036109ms ERROR audio-decode: opus_decode failed err=-4 text=corrupted stream packet_bytes=266
000452 +0000036127ms ERROR video-decode: unsupported pixel format=12 size=1280x720
000453 +0000036146ms ERROR video-decode: unsupported pixel format=12 size=1280x720
000454 +0000036148ms ERROR audio-decode: opus_decode failed err=-4 text=corrupted stream packet_bytes=265
000455 +0000036151ms ERROR audio-decode: opus_decode failed err=-4 text=corrupted stream packet_bytes=266
000456 +0000036170ms ERROR video-decode: unsupported pixel format=12 size=1280x720
000457 +0000036172ms ERROR audio-decode: opus_decode failed err=-4 text=corrupted stream packet_bytes=267
000458 +0000036174ms ERROR audio-decode: opus_decode failed err=-4 text=corrupted stream packet_bytes=268
000459 +0000036176ms INFO  libpeer: sctp.c:532 Unknown chunk type 4
000460 +0000036178ms ERROR audio-decode: opus_decode failed err=-4 text=corrupted stream packet_bytes=269
000461 +0000036197ms ERROR video-decode: unsupported pixel format=12 size=1280x720
000462 +0000036199ms ERROR audio-decode: opus_decode failed err=-4 text=corrupted stream packet_bytes=268
000463 +0000036218ms ERROR video-decode: unsupported pixel format=12 size=1280x720
000464 +0000036221ms ERROR audio-decode: opus_decode failed err=-4 text=corrupted stream packet_bytes=268
000465 +0000036223ms ERROR audio-decode: opus_decode failed err=-4 text=corrupted stream packet_bytes=267
000466 +0000036242ms ERROR video-decode: unsupported pixel format=12 size=1280x720
000467 +0000036244ms ERROR audio-decode: opus_decode failed err=-4 text=corrupted stream packet_bytes=267
000468 +0000036246ms ERROR audio-decode: opus_decode failed err=-4 text=corrupted stream packet_bytes=267
000469 +0000036265ms ERROR video-decode: unsupported pixel format=12 size=1280x720
000470 +0000036267ms ERROR audio-decode: opus_decode failed err=-4 text=corrupted stream packet_bytes=268
000471 +0000036269ms ERROR audio-decode: opus_decode failed err=-4 text=corrupted stream packet_bytes=267
000472 +0000036314ms ERROR video-decode: unsupported pixel format=12 size=1280x720
000473 +0000036316ms ERROR audio-decode: opus_decode failed err=-4 text=corrupted stream packet_bytes=267
000474 +0000036355ms ERROR video-decode: unsupported pixel format=12 size=1280x720
000475 +0000036358ms ERROR audio-decode: opus_decode failed err=-4 text=corrupted stream packet_bytes=265
000476 +0000036396ms ERROR video-decode: unsupported pixel format=12 size=1280x720
000477 +0000036399ms ERROR audio-decode: opus_decode failed err=-4 text=corrupted stream packet_bytes=265
000478 +0000036401ms ERROR audio-decode: opus_decode failed err=-4 text=corrupted stream packet_bytes=264
000479 +0000036403ms ERROR audio-decode: opus_decode failed err=-4 text=corrupted stream packet_bytes=264
000480 +0000036437ms ERROR video-decode: unsupported pixel format=12 size=1280x720
000481 +0000036439ms INFO  libpeer: peer_connection.c:781 binding request timeout; keeping completed transport alive
000482 +0000036471ms ERROR video-decode: unsupported pixel format=12 size=1280x720
000483 +0000036474ms ERROR audio-decode: opus_decode failed err=-4 text=corrupted stream packet_bytes=264
000484 +0000036477ms ERROR audio-decode: opus_decode failed err=-4 text=corrupted stream packet_bytes=266
000485 +0000036479ms ERROR audio-decode: opus_decode failed err=-4 text=corrupted stream packet_bytes=268
000486 +0000036481ms ERROR audio-decode: opus_decode failed err=-4 text=corrupted stream packet_bytes=267
000487 +0000036483ms ERROR audio-decode: opus_decode failed err=-4 text=corrupted stream packet_bytes=266
000488 +0000036485ms ERROR audio-decode: opus_decode failed err=-4 text=corrupted stream packet_bytes=265
000489 +0000036487ms ERROR audio-decode: opus_decode failed err=-4 text=corrupted stream packet_bytes=268
000490 +0000036489ms ERROR audio-decode: opus_decode failed err=-4 text=corrupted stream packet_bytes=267
000491 +0000036491ms ERROR audio-decode: opus_decode failed err=-4 text=corrupted stream packet_bytes=266
000492 +0000036494ms ERROR audio-decode: opus_decode failed err=-4 text=corrupted stream packet_bytes=265
000493 +0000036497ms ERROR audio-decode: opus_decode failed err=-4 text=corrupted stream packet_bytes=268
000494 +0000036500ms ERROR audio-decode: opus_decode failed err=-4 text=corrupted stream packet_bytes=266
000495 +0000036503ms ERROR audio-decode: opus_decode failed err=-4 text=corrupted stream packet_bytes=265
000496 +0000036506ms ERROR audio-decode: opus_decode failed err=-4 text=corrupted stream packet_bytes=266
000497 +0000036509ms ERROR audio-decode: opus_decode failed err=-4 text=corrupted stream packet_bytes=267
000498 +0000036512ms ERROR audio-decode: opus_decode failed err=-4 text=corrupted stream packet_bytes=266
000499 +0000036515ms WARN  libpeer: rtp.c:534 RTP H264: sequence gap inside fragmented NALU (463 -> 496)
000500 +0000036542ms ERROR video-decode: unsupported pixel format=12 size=1280x720
000501 +0000036544ms ERROR audio-decode: opus_decode failed err=-4 text=corrupted stream packet_bytes=266
000502 +0000036546ms ERROR audio-decode: opus_decode failed err=-4 text=corrupted stream packet_bytes=268
000503 +0000036548ms ERROR audio-decode: opus_decode failed err=-4 text=corrupted stream packet_bytes=270
000504 +0000036550ms ERROR audio-decode: opus_decode failed err=-4 text=corrupted stream packet_bytes=268
000505 +0000036554ms DEBUG signaling: received messages=1
000506 +0000036556ms ERROR audio-decode: opus_decode failed err=-4 text=corrupted stream packet_bytes=270
000507 +0000036559ms ERROR audio-decode: opus_decode failed err=-4 text=corrupted stream packet_bytes=270
000508 +0000036562ms ERROR audio-decode: opus_decode failed err=-4 text=corrupted stream packet_bytes=269
000509 +0000036565ms ERROR audio-decode: opus_decode failed err=-4 text=corrupted stream packet_bytes=268
000510 +0000036568ms ERROR audio-decode: opus_decode failed err=-4 text=corrupted stream packet_bytes=267
000511 +0000036571ms ERROR audio-decode: opus_decode failed err=-4 text=corrupted stream packet_bytes=268
000512 +0000036574ms ERROR audio-decode: opus_decode failed err=-4 text=corrupted stream packet_bytes=266
000513 +0000036577ms ERROR audio-decode: opus_decode failed err=-4 text=corrupted stream packet_bytes=266
000514 +0000036602ms ERROR video-decode: unsupported pixel format=12 size=1280x720
000515 +0000036622ms ERROR video-decode: unsupported pixel format=12 size=1280x720
000516 +0000036641ms ERROR video-decode: unsupported pixel format=12 size=1280x720
000517 +0000036643ms ERROR audio-decode: opus_decode failed err=-4 text=corrupted stream packet_bytes=264
000518 +0000036645ms ERROR audio-decode: opus_decode failed err=-4 text=corrupted stream packet_bytes=265
000519 +0000036647ms ERROR audio-decode: opus_decode failed err=-4 text=corrupted stream packet_bytes=266
000520 +0000036649ms ERROR audio-decode: opus_decode failed err=-4 text=corrupted stream packet_bytes=265
000521 +0000036651ms ERROR audio-decode: opus_decode failed err=-4 text=corrupted stream packet_bytes=265
000522 +0000036653ms ERROR audio-decode: opus_decode failed err=-4 text=corrupted stream packet_bytes=264
000523 +0000036657ms ERROR audio-decode: opus_decode failed err=-4 text=corrupted stream packet_bytes=264
000524 +0000036659ms ERROR audio-decode: opus_decode failed err=-4 text=corrupted stream packet_bytes=265
000525 +0000036662ms ERROR audio-decode: opus_decode failed err=-4 text=corrupted stream packet_bytes=265
000526 +0000036665ms ERROR audio-decode: opus_decode failed err=-4 text=corrupted stream packet_bytes=267
000527 +0000036667ms ERROR audio-decode: opus_decode failed err=-4 text=corrupted stream packet_bytes=269
000528 +0000036670ms ERROR audio-decode: opus_decode failed err=-4 text=corrupted stream packet_bytes=269
000529 +0000036673ms ERROR audio-decode: opus_decode failed err=-4 text=corrupted stream packet_bytes=267
000530 +0000036676ms ERROR audio-decode: opus_decode failed err=-4 text=corrupted stream packet_bytes=265
000531 +0000036702ms ERROR video-decode: unsupported pixel format=12 size=1280x720
000532 +0000036721ms ERROR video-decode: unsupported pixel format=12 size=1280x720
000533 +0000036740ms ERROR video-decode: unsupported pixel format=12 size=1280x720
000534 +0000036759ms ERROR video-decode: unsupported pixel format=12 size=1280x720
000535 +0000036761ms ERROR audio-decode: opus_decode failed err=-4 text=corrupted stream packet_bytes=268
000536 +0000036763ms ERROR audio-decode: opus_decode failed err=-4 text=corrupted stream packet_bytes=269
000537 +0000036766ms ERROR audio-decode: opus_decode failed err=-4 text=corrupted stream packet_bytes=269
000538 +0000036768ms ERROR audio-decode: opus_decode failed err=-4 text=corrupted stream packet_bytes=266
000539 +0000036770ms ERROR audio-decode: opus_decode failed err=-4 text=corrupted stream packet_bytes=267
000540 +0000036772ms ERROR audio-decode: opus_decode failed err=-4 text=corrupted stream packet_bytes=268
000541 +0000036774ms ERROR audio-decode: opus_decode failed err=-4 text=corrupted stream packet_bytes=270
000542 +0000036777ms ERROR audio-decode: opus_decode failed err=-4 text=corrupted stream packet_bytes=268
000543 +0000036780ms ERROR audio-decode: opus_decode failed err=-4 text=corrupted stream packet_bytes=269
000544 +0000036783ms ERROR audio-decode: opus_decode failed err=-4 text=corrupted stream packet_bytes=267
000545 +0000036788ms ERROR audio-decode: opus_decode failed err=-4 text=corrupted stream packet_bytes=265
000546 +0000036790ms ERROR audio-decode: opus_decode failed err=-4 text=corrupted stream packet_bytes=266
000547 +0000036816ms ERROR video-decode: unsupported pixel format=12 size=1280x720
000548 +0000036834ms ERROR video-decode: unsupported pixel format=12 size=1280x720
000549 +0000036860ms ERROR video-decode: unsupported pixel format=12 size=1280x720
000550 +0000036881ms ERROR video-decode: unsupported pixel format=12 size=1280x720
000551 +0000036883ms ERROR audio-decode: opus_decode failed err=-4 text=corrupted stream packet_bytes=267
000552 +0000036885ms ERROR audio-decode: opus_decode failed err=-4 text=corrupted stream packet_bytes=266
000553 +0000036887ms ERROR audio-decode: opus_decode failed err=-4 text=corrupted stream packet_bytes=266
000554 +0000036889ms ERROR audio-decode: opus_decode failed err=-4 text=corrupted stream packet_bytes=268
000555 +0000036892ms ERROR audio-decode: opus_decode failed err=-4 text=corrupted stream packet_bytes=267
000556 +0000036896ms ERROR audio-decode: opus_decode failed err=-4 text=corrupted stream packet_bytes=266
000557 +0000036899ms ERROR audio-decode: opus_decode failed err=-4 text=corrupted stream packet_bytes=267
000558 +0000036923ms ERROR video-decode: unsupported pixel format=12 size=1280x720
000559 +0000036925ms WARN  libpeer: rtp.c:534 RTP H264: sequence gap inside fragmented NALU (610 -> 621)
000560 +0000036958ms ERROR audio-decode: opus_decode failed err=-4 text=corrupted stream packet_bytes=267
000561 +0000036982ms ERROR audio-decode: opus_decode failed err=-4 text=corrupted stream packet_bytes=267
000562 +0000036984ms ERROR audio-decode: opus_decode failed err=-4 text=corrupted stream packet_bytes=265
000563 +0000036987ms ERROR audio-decode: opus_decode failed err=-4 text=corrupted stream packet_bytes=264
000564 +0000037013ms ERROR audio-decode: opus_decode failed err=-4 text=corrupted stream packet_bytes=263
000565 +0000037035ms ERROR audio-decode: opus_decode failed err=-4 text=corrupted stream packet_bytes=263
000566 +0000037037ms ERROR audio-decode: opus_decode failed err=-4 text=corrupted stream packet_bytes=265
000567 +0000037056ms ERROR audio-decode: opus_decode failed err=-4 text=corrupted stream packet_bytes=267
000568 +0000037074ms ERROR audio-decode: opus_decode failed err=-4 text=corrupted stream packet_bytes=267
000569 +0000037076ms ERROR audio-decode: opus_decode failed err=-4 text=corrupted stream packet_bytes=266
000570 +0000037078ms ERROR audio-decode: opus_decode failed err=-4 text=corrupted stream packet_bytes=267
000571 +0000037097ms ERROR audio-decode: opus_decode failed err=-4 text=corrupted stream packet_bytes=268
000572 +0000037115ms ERROR audio-decode: opus_decode failed err=-4 text=corrupted stream packet_bytes=267
000573 +0000037117ms ERROR audio-decode: opus_decode failed err=-4 text=corrupted stream packet_bytes=267
000574 +0000037138ms ERROR audio-decode: opus_decode failed err=-4 text=corrupted stream packet_bytes=266
000575 +0000037158ms ERROR audio-decode: opus_decode failed err=-4 text=corrupted stream packet_bytes=267
000576 +0000037161ms ERROR audio-decode: opus_decode failed err=-4 text=corrupted stream packet_bytes=266
000577 +0000037181ms ERROR audio-decode: opus_decode failed err=-4 text=corrupted stream packet_bytes=266
000578 +0000037201ms ERROR audio-decode: opus_decode failed err=-4 text=corrupted stream packet_bytes=266
000579 +0000037204ms ERROR audio-decode: opus_decode failed err=-4 text=corrupted stream packet_bytes=265
000580 +0000037209ms ERROR audio-decode: opus_decode failed err=-4 text=corrupted stream packet_bytes=265
000581 +0000037228ms ERROR audio-decode: opus_decode failed err=-4 text=corrupted stream packet_bytes=264
000582 +0000037247ms ERROR audio-decode: opus_decode failed err=-4 text=corrupted stream packet_bytes=264
000583 +0000037249ms ERROR audio-decode: opus_decode failed err=-4 text=corrupted stream packet_bytes=265
000584 +0000037251ms ERROR audio-decode: opus_decode failed err=-4 text=corrupted stream packet_bytes=266
000585 +0000037287ms ERROR audio-decode: opus_decode failed err=-4 text=corrupted stream packet_bytes=266
000586 +0000037289ms ERROR audio-decode: opus_decode failed err=-4 text=corrupted stream packet_bytes=266
000587 +0000037308ms ERROR audio-decode: opus_decode failed err=-4 text=corrupted stream packet_bytes=267
000588 +0000037327ms ERROR audio-decode: opus_decode failed err=-4 text=corrupted stream packet_bytes=267
000589 +0000037329ms ERROR audio-decode: opus_decode failed err=-4 text=corrupted stream packet_bytes=266
000590 +0000037348ms ERROR audio-decode: opus_decode failed err=-4 text=corrupted stream packet_bytes=266
000591 +0000037367ms ERROR audio-decode: opus_decode failed err=-4 text=corrupted stream packet_bytes=266
000592 +0000037369ms ERROR audio-decode: opus_decode failed err=-4 text=corrupted stream packet_bytes=267
000593 +0000037371ms ERROR audio-decode: opus_decode failed err=-4 text=corrupted stream packet_bytes=267
000594 +0000037373ms ERROR audio-decode: opus_decode failed err=-4 text=corrupted stream packet_bytes=268
000595 +0000037419ms ERROR video-decode: unsupported pixel format=12 size=1280x720
000596 +0000037458ms ERROR video-decode: unsupported pixel format=12 size=1280x720
000597 +0000037460ms INFO  libpeer: peer_connection.c:781 binding request timeout; keeping completed transport alive
000598 +0000037462ms ERROR audio-decode: opus_decode failed err=-4 text=corrupted stream packet_bytes=268
000599 +0000037464ms ERROR audio-decode: opus_decode failed err=-4 text=corrupted stream packet_bytes=268
000600 +0000037468ms ERROR audio-decode: opus_decode failed err=-4 text=corrupted stream packet_bytes=266
000601 +0000037470ms ERROR audio-decode: opus_decode failed err=-4 text=corrupted stream packet_bytes=265
000602 +0000037472ms ERROR audio-decode: opus_decode failed err=-4 text=corrupted stream packet_bytes=266
000603 +0000037474ms ERROR audio-decode: opus_decode failed err=-4 text=corrupted stream packet_bytes=267
000604 +0000037476ms ERROR audio-decode: opus_decode failed err=-4 text=corrupted stream packet_bytes=267
000605 +0000037478ms ERROR audio-decode: opus_decode failed err=-4 text=corrupted stream packet_bytes=267
000606 +0000037480ms ERROR audio-decode: opus_decode failed err=-4 text=corrupted stream packet_bytes=270
000607 +0000037482ms ERROR audio-decode: opus_decode failed err=-4 text=corrupted stream packet_bytes=270
000608 +0000037484ms ERROR audio-decode: opus_decode failed err=-4 text=corrupted stream packet_bytes=269
000609 +0000037486ms ERROR audio-decode: opus_decode failed err=-4 text=corrupted stream packet_bytes=269
000610 +0000037489ms ERROR audio-decode: opus_decode failed err=-4 text=corrupted stream packet_bytes=267
000611 +0000037492ms ERROR audio-decode: opus_decode failed err=-4 text=corrupted stream packet_bytes=265
000612 +0000037495ms WARN  libpeer: rtp.c:534 RTP H264: sequence gap inside fragmented NALU (674 -> 677)
000613 +0000037520ms ERROR video-decode: unsupported pixel format=12 size=1280x720
000614 +0000037521ms WARN  libpeer: rtp.c:534 RTP H264: sequence gap inside fragmented NALU (727 -> 734)
000615 +0000037541ms ERROR video-decode: unsupported pixel format=12 size=1280x720
000616 +0000037543ms ERROR audio-decode: opus_decode failed err=-4 text=corrupted stream packet_bytes=265
000617 +0000037561ms ERROR video-decode: unsupported pixel format=12 size=1280x720
000618 +0000037564ms ERROR audio-decode: opus_decode failed err=-4 text=corrupted stream packet_bytes=265
000619 +0000037568ms DEBUG signaling: received messages=1
000620 +0000037570ms ERROR audio-decode: opus_decode failed err=-4 text=corrupted stream packet_bytes=265
000621 +0000037588ms ERROR video-decode: unsupported pixel format=12 size=1280x720
000622 +0000037590ms ERROR audio-decode: opus_decode failed err=-4 text=corrupted stream packet_bytes=267
000623 +0000037592ms ERROR audio-decode: opus_decode failed err=-4 text=corrupted stream packet_bytes=267
000624 +0000037611ms ERROR video-decode: unsupported pixel format=12 size=1280x720
000625 +0000037613ms ERROR audio-decode: opus_decode failed err=-4 text=corrupted stream packet_bytes=267
000626 +0000037616ms ERROR audio-decode: opus_decode failed err=-4 text=corrupted stream packet_bytes=264
000627 +0000037620ms ERROR audio-decode: opus_decode failed err=-4 text=corrupted stream packet_bytes=266
000628 +0000037623ms ERROR audio-decode: opus_decode failed err=-4 text=corrupted stream packet_bytes=268
000629 +0000037625ms ERROR audio-decode: opus_decode failed err=-4 text=corrupted stream packet_bytes=268
000630 +0000037627ms ERROR audio-decode: opus_decode failed err=-4 text=corrupted stream packet_bytes=268
000631 +0000037629ms ERROR audio-decode: opus_decode failed err=-4 text=corrupted stream packet_bytes=267
000632 +0000037631ms ERROR audio-decode: opus_decode failed err=-4 text=corrupted stream packet_bytes=266
000633 +0000037634ms ERROR audio-decode: opus_decode failed err=-4 text=corrupted stream packet_bytes=266
000634 +0000037637ms ERROR audio-decode: opus_decode failed err=-4 text=corrupted stream packet_bytes=267
000635 +0000037640ms ERROR audio-decode: opus_decode failed err=-4 text=corrupted stream packet_bytes=266
000636 +0000037643ms ERROR audio-decode: opus_decode failed err=-4 text=corrupted stream packet_bytes=266
000637 +0000037646ms ERROR audio-decode: opus_decode failed err=-4 text=corrupted stream packet_bytes=266
000638 +0000037649ms ERROR audio-decode: opus_decode failed err=-4 text=corrupted stream packet_bytes=268
000639 +0000037676ms ERROR video-decode: unsupported pixel format=12 size=1280x720
000640 +0000037695ms ERROR video-decode: unsupported pixel format=12 size=1280x720
000641 +0000037697ms ERROR audio-decode: opus_decode failed err=-4 text=corrupted stream packet_bytes=267
000642 +0000037699ms ERROR audio-decode: opus_decode failed err=-4 text=corrupted stream packet_bytes=267
000643 +0000037701ms ERROR audio-decode: opus_decode failed err=-4 text=corrupted stream packet_bytes=267
000644 +0000037705ms ERROR audio-decode: opus_decode failed err=-4 text=corrupted stream packet_bytes=268
000645 +0000037707ms ERROR audio-decode: opus_decode failed err=-4 text=corrupted stream packet_bytes=269
000646 +0000037709ms ERROR audio-decode: opus_decode failed err=-4 text=corrupted stream packet_bytes=268
000647 +0000037711ms ERROR audio-decode: opus_decode failed err=-4 text=corrupted stream packet_bytes=268
000648 +0000037713ms ERROR audio-decode: opus_decode failed err=-4 text=corrupted stream packet_bytes=268
000649 +0000037716ms ERROR audio-decode: opus_decode failed err=-4 text=corrupted stream packet_bytes=268
000650 +0000037719ms ERROR audio-decode: opus_decode failed err=-4 text=corrupted stream packet_bytes=267
000651 +0000037722ms ERROR audio-decode: opus_decode failed err=-4 text=corrupted stream packet_bytes=264
000652 +0000037727ms ERROR audio-decode: opus_decode failed err=-4 text=corrupted stream packet_bytes=265
000653 +0000037729ms WARN  libpeer: rtp.c:534 RTP H264: sequence gap inside fragmented NALU (860 -> 868)
000654 +0000037732ms WARN  libpeer: rtp.c:534 RTP H264: sequence gap inside fragmented NALU (879 -> 893)
000655 +0000037857ms ERROR audio-decode: opus_decode failed err=-4 text=corrupted stream packet_bytes=265
000656 +0000037876ms ERROR audio-decode: opus_decode failed err=-4 text=corrupted stream packet_bytes=268
000657 +0000037894ms ERROR audio-decode: opus_decode failed err=-4 text=corrupted stream packet_bytes=267
000658 +0000037897ms ERROR audio-decode: opus_decode failed err=-4 text=corrupted stream packet_bytes=269
000659 +0000037916ms ERROR audio-decode: opus_decode failed err=-4 text=corrupted stream packet_bytes=267
000660 +0000037918ms ERROR audio-decode: opus_decode failed err=-4 text=corrupted stream packet_bytes=266
000661 +0000037937ms ERROR audio-decode: opus_decode failed err=-4 text=corrupted stream packet_bytes=264
000662 +0000037939ms ERROR audio-decode: opus_decode failed err=-4 text=corrupted stream packet_bytes=265
000663 +0000037958ms ERROR audio-decode: opus_decode failed err=-4 text=corrupted stream packet_bytes=267
000664 +0000037977ms ERROR audio-decode: opus_decode failed err=-4 text=corrupted stream packet_bytes=267
000665 +0000037979ms ERROR audio-decode: opus_decode failed err=-4 text=corrupted stream packet_bytes=268
000666 +0000037998ms ERROR audio-decode: opus_decode failed err=-4 text=corrupted stream packet_bytes=267
000667 +0000038016ms ERROR audio-decode: opus_decode failed err=-4 text=corrupted stream packet_bytes=268
000668 +0000038018ms ERROR audio-decode: opus_decode failed err=-4 text=corrupted stream packet_bytes=268
000669 +0000038040ms ERROR audio-decode: opus_decode failed err=-4 text=corrupted stream packet_bytes=268
000670 +0000038060ms ERROR video-decode: unsupported pixel format=12 size=1280x720
000671 +0000038062ms ERROR audio-decode: opus_decode failed err=-4 text=corrupted stream packet_bytes=267
000672 +0000038065ms ERROR audio-decode: opus_decode failed err=-4 text=corrupted stream packet_bytes=266
000673 +0000038067ms ERROR audio-decode: opus_decode failed err=-4 text=corrupted stream packet_bytes=265
000674 +0000038069ms ERROR audio-decode: opus_decode failed err=-4 text=corrupted stream packet_bytes=266
000675 +0000038072ms ERROR audio-decode: opus_decode failed err=-4 text=corrupted stream packet_bytes=267
000676 +0000038074ms WARN  libpeer: rtp.c:534 RTP H264: sequence gap inside fragmented NALU (912 -> 917)
000677 +0000038076ms ERROR audio-decode: opus_decode failed err=-4 text=corrupted stream packet_bytes=268
000678 +0000038078ms ERROR audio-decode: opus_decode failed err=-4 text=corrupted stream packet_bytes=266
000679 +0000038080ms ERROR audio-decode: opus_decode failed err=-4 text=corrupted stream packet_bytes=268
000680 +0000038083ms ERROR audio-decode: opus_decode failed err=-4 text=corrupted stream packet_bytes=267
000681 +0000038086ms ERROR audio-decode: opus_decode failed err=-4 text=corrupted stream packet_bytes=268
000682 +0000038090ms ERROR audio-decode: opus_decode failed err=-4 text=corrupted stream packet_bytes=268
000683 +0000038092ms ERROR audio-decode: opus_decode failed err=-4 text=corrupted stream packet_bytes=266
000684 +0000038096ms ERROR audio-decode: opus_decode failed err=-4 text=corrupted stream packet_bytes=268
000685 +0000038099ms ERROR audio-decode: opus_decode failed err=-4 text=corrupted stream packet_bytes=268
000686 +0000038102ms WARN  libpeer: rtp.c:534 RTP H264: sequence gap inside fragmented NALU (978 -> 987)
000687 +0000038128ms ERROR audio-decode: opus_decode failed err=-4 text=corrupted stream packet_bytes=267
000688 +0000038130ms ERROR audio-decode: opus_decode failed err=-4 text=corrupted stream packet_bytes=266
000689 +0000038132ms ERROR audio-decode: opus_decode failed err=-4 text=corrupted stream packet_bytes=266
000690 +0000038134ms ERROR audio-decode: opus_decode failed err=-4 text=corrupted stream packet_bytes=266
000691 +0000038136ms ERROR audio-decode: opus_decode failed err=-4 text=corrupted stream packet_bytes=266
000692 +0000038138ms ERROR audio-decode: opus_decode failed err=-4 text=corrupted stream packet_bytes=266
000693 +0000038140ms ERROR audio-decode: opus_decode failed err=-4 text=corrupted stream packet_bytes=268
000694 +0000038142ms ERROR audio-decode: opus_decode failed err=-4 text=corrupted stream packet_bytes=267
000695 +0000038144ms ERROR audio-decode: opus_decode failed err=-4 text=corrupted stream packet_bytes=267
000696 +0000038146ms ERROR audio-decode: opus_decode failed err=-4 text=corrupted stream packet_bytes=265
000697 +0000038149ms ERROR audio-decode: opus_decode failed err=-4 text=corrupted stream packet_bytes=265
000698 +0000038155ms ERROR audio-decode: opus_decode failed err=-4 text=corrupted stream packet_bytes=265
000699 +0000038157ms ERROR audio-decode: opus_decode failed err=-4 text=corrupted stream packet_bytes=266
000700 +0000038160ms ERROR audio-decode: opus_decode failed err=-4 text=corrupted stream packet_bytes=267
000701 +0000038237ms ERROR video-decode: unsupported pixel format=12 size=1280x720
000702 +0000038281ms ERROR video-decode: unsupported pixel format=12 size=1280x720
000703 +0000038319ms ERROR video-decode: unsupported pixel format=12 size=1280x720
000704 +0000038321ms WARN  libpeer: rtp.c:534 RTP H264: sequence gap inside fragmented NALU (1024 -> 1027)
000705 +0000038323ms WARN  libpeer: rtp.c:534 RTP H264: sequence gap inside fragmented NALU (1031 -> 1045)
000706 +0000038325ms ERROR audio-decode: opus_decode failed err=-4 text=corrupted stream packet_bytes=267
000707 +0000038327ms ERROR audio-decode: opus_decode failed err=-4 text=corrupted stream packet_bytes=268
000708 +0000038329ms ERROR audio-decode: opus_decode failed err=-4 text=corrupted stream packet_bytes=265
000709 +0000038331ms ERROR audio-decode: opus_decode failed err=-4 text=corrupted stream packet_bytes=265
000710 +0000038334ms ERROR audio-decode: opus_decode failed err=-4 text=corrupted stream packet_bytes=265
000711 +0000038336ms ERROR audio-decode: opus_decode failed err=-4 text=corrupted stream packet_bytes=265
000712 +0000038338ms ERROR audio-decode: opus_decode failed err=-4 text=corrupted stream packet_bytes=265
000713 +0000038340ms ERROR audio-decode: opus_decode failed err=-4 text=corrupted stream packet_bytes=266
000714 +0000038343ms ERROR audio-decode: opus_decode failed err=-4 text=corrupted stream packet_bytes=268
000715 +0000038347ms ERROR audio-decode: opus_decode failed err=-4 text=corrupted stream packet_bytes=268
000716 +0000038350ms ERROR audio-decode: opus_decode failed err=-4 text=corrupted stream packet_bytes=268
000717 +0000038354ms ERROR audio-decode: opus_decode failed err=-4 text=corrupted stream packet_bytes=267
000718 +0000038380ms ERROR video-decode: unsupported pixel format=12 size=1280x720
000719 +0000038405ms ERROR video-decode: unsupported pixel format=12 size=1280x720
000720 +0000038424ms ERROR video-decode: unsupported pixel format=12 size=1280x720
000721 +0000038426ms ERROR audio-decode: opus_decode failed err=-4 text=corrupted stream packet_bytes=267
000722 +0000038428ms ERROR audio-decode: opus_decode failed err=-4 text=corrupted stream packet_bytes=265
000723 +0000038430ms ERROR audio-decode: opus_decode failed err=-4 text=corrupted stream packet_bytes=265
000724 +0000038432ms INFO  libpeer: peer_connection.c:781 binding request timeout; keeping completed transport alive
000725 +0000038435ms ERROR audio-decode: opus_decode failed err=-4 text=corrupted stream packet_bytes=265
000726 +0000038439ms ERROR audio-decode: opus_decode failed err=-4 text=corrupted stream packet_bytes=265
000727 +0000038442ms ERROR audio-decode: opus_decode failed err=-4 text=corrupted stream packet_bytes=265
000728 +0000038444ms ERROR audio-decode: opus_decode failed err=-4 text=corrupted stream packet_bytes=266
000729 +0000038446ms ERROR audio-decode: opus_decode failed err=-4 text=corrupted stream packet_bytes=266
000730 +0000038448ms ERROR audio-decode: opus_decode failed err=-4 text=corrupted stream packet_bytes=268
000731 +0000038470ms ERROR video-decode: unsupported pixel format=12 size=1280x720
000732 +0000038488ms ERROR video-decode: unsupported pixel format=12 size=1280x720
000733 +0000038490ms WARN  libpeer: rtp.c:534 RTP H264: sequence gap inside fragmented NALU (1121 -> 1145)
000734 +0000038492ms WARN  libpeer: rtp.c:534 RTP H264: sequence gap inside fragmented NALU (1148 -> 1150)
000735 +0000038494ms WARN  libpeer: rtp.c:534 RTP H264: sequence gap inside fragmented NALU (1178 -> 1187)
000736 +0000038496ms ERROR audio-decode: opus_decode failed err=-4 text=corrupted stream packet_bytes=269
000737 +0000038499ms ERROR audio-decode: opus_decode failed err=-4 text=corrupted stream packet_bytes=269
000738 +0000038501ms ERROR audio-decode: opus_decode failed err=-4 text=corrupted stream packet_bytes=268
000739 +0000038506ms ERROR audio-decode: opus_decode failed err=-4 text=corrupted stream packet_bytes=268
000740 +0000038509ms WARN  libpeer: rtp.c:534 RTP H264: sequence gap inside fragmented NALU (1187 -> 1254)
000741 +0000038511ms WARN  libpeer: rtp.c:534 RTP H264: sequence gap inside fragmented NALU (1254 -> 1270)
000742 +0000038551ms WARN  libpeer: rtp.c:534 RTP H264: sequence gap inside fragmented NALU (1273 -> 1307)
000743 +0000038553ms WARN  libpeer: rtp.c:534 RTP H264: sequence gap inside fragmented NALU (1307 -> 1333)
000744 +0000038555ms ERROR audio-decode: opus_decode failed err=-4 text=corrupted stream packet_bytes=270
000745 +0000038557ms ERROR audio-decode: opus_decode failed err=-4 text=corrupted stream packet_bytes=268
000746 +0000038559ms ERROR audio-decode: opus_decode failed err=-4 text=corrupted stream packet_bytes=268
000747 +0000038561ms ERROR audio-decode: opus_decode failed err=-4 text=corrupted stream packet_bytes=268
000748 +0000038563ms ERROR audio-decode: opus_decode failed err=-4 text=corrupted stream packet_bytes=268
000749 +0000038566ms ERROR audio-decode: opus_decode failed err=-4 text=corrupted stream packet_bytes=266
000750 +0000038569ms ERROR audio-decode: opus_decode failed err=-4 text=corrupted stream packet_bytes=267
000751 +0000038571ms ERROR audio-decode: opus_decode failed err=-4 text=corrupted stream packet_bytes=266
000752 +0000038573ms ERROR audio-decode: opus_decode failed err=-4 text=corrupted stream packet_bytes=267
000753 +0000038576ms ERROR audio-decode: opus_decode failed err=-4 text=corrupted stream packet_bytes=267
000754 +0000038581ms ERROR audio-decode: opus_decode failed err=-4 text=corrupted stream packet_bytes=268
000755 +0000038583ms ERROR audio-decode: opus_decode failed err=-4 text=corrupted stream packet_bytes=267
000756 +0000038731ms ERROR audio-decode: opus_decode failed err=-4 text=corrupted stream packet_bytes=265
000757 +0000038733ms ERROR audio-decode: opus_decode failed err=-4 text=corrupted stream packet_bytes=264
000758 +0000038769ms ERROR audio-decode: opus_decode failed err=-4 text=corrupted stream packet_bytes=265
000759 +0000038771ms ERROR audio-decode: opus_decode failed err=-4 text=corrupted stream packet_bytes=268
000760 +0000038773ms ERROR audio-decode: opus_decode failed err=-4 text=corrupted stream packet_bytes=268
000761 +0000038809ms ERROR audio-decode: opus_decode failed err=-4 text=corrupted stream packet_bytes=268
000762 +0000038811ms ERROR audio-decode: opus_decode failed err=-4 text=corrupted stream packet_bytes=268
000763 +0000038813ms ERROR audio-decode: opus_decode failed err=-4 text=corrupted stream packet_bytes=268
000764 +0000038849ms ERROR audio-decode: opus_decode failed err=-4 text=corrupted stream packet_bytes=267
000765 +0000038851ms ERROR audio-decode: opus_decode failed err=-4 text=corrupted stream packet_bytes=266
000766 +0000038853ms ERROR audio-decode: opus_decode failed err=-4 text=corrupted stream packet_bytes=267
000767 +0000038873ms DEBUG signaling: received messages=1
000768 +0000038875ms ERROR audio-decode: opus_decode failed err=-4 text=corrupted stream packet_bytes=269
000769 +0000038894ms ERROR audio-decode: opus_decode failed err=-4 text=corrupted stream packet_bytes=267
000770 +0000038896ms ERROR audio-decode: opus_decode failed err=-4 text=corrupted stream packet_bytes=266
000771 +0000038898ms ERROR audio-decode: opus_decode failed err=-4 text=corrupted stream packet_bytes=266
000772 +0000038933ms ERROR video-decode: unsupported pixel format=12 size=1280x720
000773 +0000038935ms ERROR audio-decode: opus_decode failed err=-4 text=corrupted stream packet_bytes=267
000774 +0000038937ms ERROR audio-decode: opus_decode failed err=-4 text=corrupted stream packet_bytes=267
000775 +0000038939ms ERROR audio-decode: opus_decode failed err=-4 text=corrupted stream packet_bytes=266
000776 +0000038941ms ERROR audio-decode: opus_decode failed err=-4 text=corrupted stream packet_bytes=265
000777 +0000038960ms ERROR video-decode: unsupported pixel format=12 size=1280x720
000778 +0000038978ms ERROR video-decode: unsupported pixel format=12 size=1280x720
000779 +0000038980ms ERROR audio-decode: opus_decode failed err=-4 text=corrupted stream packet_bytes=266
000780 +0000038982ms ERROR audio-decode: opus_decode failed err=-4 text=corrupted stream packet_bytes=265
000781 +0000039029ms ERROR video-decode: unsupported pixel format=12 size=1280x720
000782 +0000039031ms ERROR audio-decode: opus_decode failed err=-4 text=corrupted stream packet_bytes=265
000783 +0000039076ms ERROR video-decode: unsupported pixel format=12 size=1280x720
000784 +0000039078ms ERROR audio-decode: opus_decode failed err=-4 text=corrupted stream packet_bytes=265
000785 +0000039080ms ERROR audio-decode: opus_decode failed err=-4 text=corrupted stream packet_bytes=268
000786 +0000039082ms ERROR audio-decode: opus_decode failed err=-4 text=corrupted stream packet_bytes=269
000787 +0000039084ms ERROR audio-decode: opus_decode failed err=-4 text=corrupted stream packet_bytes=266
000788 +0000039087ms ERROR audio-decode: opus_decode failed err=-4 text=corrupted stream packet_bytes=267
000789 +0000039090ms ERROR audio-decode: opus_decode failed err=-4 text=corrupted stream packet_bytes=266
000790 +0000039093ms ERROR audio-decode: opus_decode failed err=-4 text=corrupted stream packet_bytes=265
000791 +0000039096ms ERROR audio-decode: opus_decode failed err=-4 text=corrupted stream packet_bytes=266
000792 +0000039099ms ERROR audio-decode: opus_decode failed err=-4 text=corrupted stream packet_bytes=267
000793 +0000039102ms ERROR audio-decode: opus_decode failed err=-4 text=corrupted stream packet_bytes=266
000794 +0000039105ms ERROR audio-decode: opus_decode failed err=-4 text=corrupted stream packet_bytes=266
000795 +0000039108ms ERROR audio-decode: opus_decode failed err=-4 text=corrupted stream packet_bytes=267
000796 +0000039111ms ERROR audio-decode: opus_decode failed err=-4 text=corrupted stream packet_bytes=267
000797 +0000039114ms ERROR audio-decode: opus_decode failed err=-4 text=corrupted stream packet_bytes=266
000798 +0000039117ms WARN  libpeer: rtp.c:534 RTP H264: sequence gap inside fragmented NALU (1441 -> 1448)
000799 +0000039144ms ERROR video-decode: unsupported pixel format=12 size=1280x720
000800 +0000039167ms ERROR video-decode: unsupported pixel format=12 size=1280x720
000801 +0000039186ms ERROR video-decode: unsupported pixel format=12 size=1280x720
000802 +0000039212ms ERROR video-decode: unsupported pixel format=12 size=1280x720
000803 +0000039214ms ERROR audio-decode: opus_decode failed err=-4 text=corrupted stream packet_bytes=265
000804 +0000039217ms ERROR audio-decode: opus_decode failed err=-4 text=corrupted stream packet_bytes=265
000805 +0000039219ms ERROR audio-decode: opus_decode failed err=-4 text=corrupted stream packet_bytes=266
000806 +0000039221ms ERROR audio-decode: opus_decode failed err=-4 text=corrupted stream packet_bytes=266
000807 +0000039224ms ERROR audio-decode: opus_decode failed err=-4 text=corrupted stream packet_bytes=267
000808 +0000039226ms ERROR audio-decode: opus_decode failed err=-4 text=corrupted stream packet_bytes=267
000809 +0000039230ms ERROR audio-decode: opus_decode failed err=-4 text=corrupted stream packet_bytes=268
000810 +0000039232ms ERROR audio-decode: opus_decode failed err=-4 text=corrupted stream packet_bytes=267
000811 +0000039235ms ERROR audio-decode: opus_decode failed err=-4 text=corrupted stream packet_bytes=269
000812 +0000039237ms ERROR audio-decode: opus_decode failed err=-4 text=corrupted stream packet_bytes=267
000813 +0000039260ms ERROR video-decode: unsupported pixel format=12 size=1280x720
000814 +0000039279ms ERROR video-decode: unsupported pixel format=12 size=1280x720
000815 +0000039298ms ERROR video-decode: unsupported pixel format=12 size=1280x720
000816 +0000039317ms ERROR video-decode: unsupported pixel format=12 size=1280x720
000817 +0000039319ms WARN  libpeer: rtp.c:534 RTP H264: sequence gap inside fragmented NALU (1475 -> 1480)
000818 +0000039321ms WARN  libpeer: rtp.c:534 RTP H264: sequence gap inside fragmented NALU (1481 -> 1484)
000819 +0000039323ms WARN  libpeer: rtp.c:534 RTP H264: sequence gap inside fragmented NALU (1506 -> 1529)
000820 +0000039327ms ERROR audio-decode: opus_decode failed err=-4 text=corrupted stream packet_bytes=270
000821 +0000039330ms ERROR audio-decode: opus_decode failed err=-4 text=corrupted stream packet_bytes=264
000822 +0000039332ms ERROR audio-decode: opus_decode failed err=-4 text=corrupted stream packet_bytes=265
000823 +0000039334ms ERROR audio-decode: opus_decode failed err=-4 text=corrupted stream packet_bytes=267
000824 +0000039337ms ERROR audio-decode: opus_decode failed err=-4 text=corrupted stream packet_bytes=267
000825 +0000039341ms ERROR audio-decode: opus_decode failed err=-4 text=corrupted stream packet_bytes=265
000826 +0000039345ms ERROR audio-decode: opus_decode failed err=-4 text=corrupted stream packet_bytes=267
000827 +0000039349ms ERROR audio-decode: opus_decode failed err=-4 text=corrupted stream packet_bytes=267
000828 +0000039353ms ERROR audio-decode: opus_decode failed err=-4 text=corrupted stream packet_bytes=269
000829 +0000039357ms ERROR audio-decode: opus_decode failed err=-4 text=corrupted stream packet_bytes=269
000830 +0000039361ms WARN  libpeer: rtp.c:534 RTP H264: sequence gap inside fragmented NALU (1532 -> 1538)
000831 +0000039403ms ERROR audio-decode: opus_decode failed err=-4 text=corrupted stream packet_bytes=267
000832 +0000039405ms ERROR audio-decode: opus_decode failed err=-4 text=corrupted stream packet_bytes=266
000833 +0000039407ms ERROR audio-decode: opus_decode failed err=-4 text=corrupted stream packet_bytes=269
000834 +0000039409ms ERROR audio-decode: opus_decode failed err=-4 text=corrupted stream packet_bytes=269
000835 +0000039414ms ERROR audio-decode: opus_decode failed err=-4 text=corrupted stream packet_bytes=268
000836 +0000039416ms ERROR audio-decode: opus_decode failed err=-4 text=corrupted stream packet_bytes=268
000837 +0000039419ms ERROR audio-decode: opus_decode failed err=-4 text=corrupted stream packet_bytes=267
000838 +0000039421ms ERROR audio-decode: opus_decode failed err=-4 text=corrupted stream packet_bytes=266
000839 +0000039423ms ERROR audio-decode: opus_decode failed err=-4 text=corrupted stream packet_bytes=266
000840 +0000039426ms ERROR audio-decode: opus_decode failed err=-4 text=corrupted stream packet_bytes=267
000841 +0000039429ms ERROR audio-decode: opus_decode failed err=-4 text=corrupted stream packet_bytes=267
000842 +0000039432ms INFO  libpeer: peer_connection.c:781 binding request timeout; keeping completed transport alive
000843 +0000039434ms WARN  libpeer: rtp.c:534 RTP H264: sequence gap inside fragmented NALU (1624 -> 1635)
000844 +0000039474ms ERROR audio-decode: opus_decode failed err=-4 text=corrupted stream packet_bytes=267
000845 +0000039476ms ERROR audio-decode: opus_decode failed err=-4 text=corrupted stream packet_bytes=267
000846 +0000039478ms ERROR audio-decode: opus_decode failed err=-4 text=corrupted stream packet_bytes=269
000847 +0000039480ms ERROR audio-decode: opus_decode failed err=-4 text=corrupted stream packet_bytes=268
000848 +0000039482ms ERROR audio-decode: opus_decode failed err=-4 text=corrupted stream packet_bytes=267
000849 +0000039485ms ERROR audio-decode: opus_decode failed err=-4 text=corrupted stream packet_bytes=265
000850 +0000039487ms ERROR audio-decode: opus_decode failed err=-4 text=corrupted stream packet_bytes=265
000851 +0000039492ms ERROR audio-decode: opus_decode failed err=-4 text=corrupted stream packet_bytes=267
000852 +0000039494ms ERROR audio-decode: opus_decode failed err=-4 text=corrupted stream packet_bytes=268
000853 +0000039498ms ERROR audio-decode: opus_decode failed err=-4 text=corrupted stream packet_bytes=268
000854 +0000039502ms ERROR audio-decode: opus_decode failed err=-4 text=corrupted stream packet_bytes=269
000855 +0000039628ms ERROR audio-decode: opus_decode failed err=-4 text=corrupted stream packet_bytes=270
000856 +0000039630ms ERROR audio-decode: opus_decode failed err=-4 text=corrupted stream packet_bytes=271
000857 +0000039632ms ERROR audio-decode: opus_decode failed err=-4 text=corrupted stream packet_bytes=269
000858 +0000039668ms ERROR audio-decode: opus_decode failed err=-4 text=corrupted stream packet_bytes=267
000859 +0000039670ms ERROR audio-decode: opus_decode failed err=-4 text=corrupted stream packet_bytes=268
000860 +0000039672ms ERROR audio-decode: opus_decode failed err=-4 text=corrupted stream packet_bytes=267
000861 +0000039735ms ERROR video-decode: unsupported pixel format=12 size=1280x720
000862 +0000039737ms ERROR audio-decode: opus_decode failed err=-4 text=corrupted stream packet_bytes=267
000863 +0000039740ms ERROR audio-decode: opus_decode failed err=-4 text=corrupted stream packet_bytes=265
000864 +0000039742ms ERROR audio-decode: opus_decode failed err=-4 text=corrupted stream packet_bytes=266
000865 +0000039746ms ERROR audio-decode: opus_decode failed err=-4 text=corrupted stream packet_bytes=266
000866 +0000039748ms ERROR audio-decode: opus_decode failed err=-4 text=corrupted stream packet_bytes=268
000867 +0000039750ms ERROR audio-decode: opus_decode failed err=-4 text=corrupted stream packet_bytes=268
000868 +0000039753ms ERROR audio-decode: opus_decode failed err=-4 text=corrupted stream packet_bytes=269
000869 +0000039756ms WARN  libpeer: rtp.c:534 RTP H264: sequence gap inside fragmented NALU (1674 -> 1677)
000870 +0000039758ms ERROR audio-decode: opus_decode failed err=-4 text=corrupted stream packet_bytes=269
000871 +0000039760ms ERROR audio-decode: opus_decode failed err=-4 text=corrupted stream packet_bytes=268
000872 +0000039763ms ERROR audio-decode: opus_decode failed err=-4 text=corrupted stream packet_bytes=267
000873 +0000039767ms ERROR audio-decode: opus_decode failed err=-4 text=corrupted stream packet_bytes=266
000874 +0000039770ms ERROR audio-decode: opus_decode failed err=-4 text=corrupted stream packet_bytes=266
000875 +0000039774ms ERROR audio-decode: opus_decode failed err=-4 text=corrupted stream packet_bytes=269
000876 +0000039778ms WARN  libpeer: rtp.c:534 RTP H264: sequence gap inside fragmented NALU (1677 -> 1737)
000877 +0000039805ms ERROR video-decode: unsupported pixel format=12 size=1280x720
000878 +0000039826ms ERROR video-decode: unsupported pixel format=12 size=1280x720
000879 +0000039847ms ERROR video-decode: unsupported pixel format=12 size=1280x720
000880 +0000039849ms ERROR audio-decode: opus_decode failed err=-4 text=corrupted stream packet_bytes=268
000881 +0000039868ms ERROR video-decode: unsupported pixel format=12 size=1280x720
000882 +0000039870ms ERROR audio-decode: opus_decode failed err=-4 text=corrupted stream packet_bytes=268
000883 +0000039872ms ERROR audio-decode: opus_decode failed err=-4 text=corrupted stream packet_bytes=266
000884 +0000039874ms ERROR audio-decode: opus_decode failed err=-4 text=corrupted stream packet_bytes=266
000885 +0000039892ms ERROR video-decode: unsupported pixel format=12 size=1280x720
000886 +0000039898ms DEBUG signaling: received messages=1
000887 +0000039943ms ERROR video-decode: unsupported pixel format=12 size=1280x720
000888 +0000039945ms ERROR audio-decode: opus_decode failed err=-4 text=corrupted stream packet_bytes=266
000889 +0000039947ms ERROR audio-decode: opus_decode failed err=-4 text=corrupted stream packet_bytes=267
000890 +0000039950ms ERROR audio-decode: opus_decode failed err=-4 text=corrupted stream packet_bytes=267
000891 +0000039953ms ERROR audio-decode: opus_decode failed err=-4 text=corrupted stream packet_bytes=268
000892 +0000039955ms WARN  libpeer: rtp.c:534 RTP H264: sequence gap inside fragmented NALU (1760 -> 1788)
000893 +0000039957ms WARN  libpeer: rtp.c:534 RTP H264: sequence gap inside fragmented NALU (1788 -> 1796)
000894 +0000039959ms ERROR audio-decode: opus_decode failed err=-4 text=corrupted stream packet_bytes=266
000895 +0000039962ms ERROR audio-decode: opus_decode failed err=-4 text=corrupted stream packet_bytes=267
000896 +0000039968ms WARN  libpeer: rtp.c:534 RTP H264: sequence gap inside fragmented NALU (1800 -> 1817)
000897 +0000039970ms ERROR audio-decode: opus_decode failed err=-4 text=corrupted stream packet_bytes=267
000898 +0000039972ms ERROR audio-decode: opus_decode failed err=-4 text=corrupted stream packet_bytes=267
000899 +0000039975ms ERROR audio-decode: opus_decode failed err=-4 text=corrupted stream packet_bytes=268
000900 +0000039978ms ERROR audio-decode: opus_decode failed err=-4 text=corrupted stream packet_bytes=267
000901 +0000039982ms ERROR audio-decode: opus_decode failed err=-4 text=corrupted stream packet_bytes=268
000902 +0000039986ms WARN  libpeer: rtp.c:534 RTP H264: sequence gap inside fragmented NALU (1869 -> 1880)
000903 +0000040017ms ERROR video-decode: unsupported pixel format=12 size=1280x720
000904 +0000040042ms ERROR video-decode: unsupported pixel format=12 size=1280x720
000905 +0000040044ms ERROR audio-decode: opus_decode failed err=-4 text=corrupted stream packet_bytes=267
000906 +0000040046ms ERROR audio-decode: opus_decode failed err=-4 text=corrupted stream packet_bytes=269
000907 +0000040048ms ERROR audio-decode: opus_decode failed err=-4 text=corrupted stream packet_bytes=268
000908 +0000040051ms ERROR audio-decode: opus_decode failed err=-4 text=corrupted stream packet_bytes=268
000909 +0000040053ms ERROR audio-decode: opus_decode failed err=-4 text=corrupted stream packet_bytes=266
000910 +0000040055ms ERROR audio-decode: opus_decode failed err=-4 text=corrupted stream packet_bytes=267
000911 +0000040057ms ERROR audio-decode: opus_decode failed err=-4 text=corrupted stream packet_bytes=267
000912 +0000040059ms ERROR audio-decode: opus_decode failed err=-4 text=corrupted stream packet_bytes=266
000913 +0000040062ms ERROR audio-decode: opus_decode failed err=-4 text=corrupted stream packet_bytes=265
000914 +0000040067ms ERROR audio-decode: opus_decode failed err=-4 text=corrupted stream packet_bytes=266
000915 +0000040069ms ERROR audio-decode: opus_decode failed err=-4 text=corrupted stream packet_bytes=266
000916 +0000040071ms ERROR audio-decode: opus_decode failed err=-4 text=corrupted stream packet_bytes=267
000917 +0000040074ms ERROR audio-decode: opus_decode failed err=-4 text=corrupted stream packet_bytes=270
000918 +0000040100ms ERROR video-decode: unsupported pixel format=12 size=1280x720
000919 +0000040102ms WARN  libpeer: rtp.c:534 RTP H264: sequence gap inside fragmented NALU (1920 -> 1949)
000920 +0000040139ms ERROR audio-decode: opus_decode failed err=-4 text=corrupted stream packet_bytes=266
000921 +0000040185ms ERROR video-decode: unsupported pixel format=12 size=1280x720
000922 +0000040187ms WARN  libpeer: rtp.c:534 RTP H264: sequence gap inside fragmented NALU (1988 -> 2006)
000923 +0000040214ms ERROR video-decode: unsupported pixel format=12 size=1280x720
000924 +0000040231ms ERROR video-decode: unsupported pixel format=12 size=1280x720
000925 +0000040234ms ERROR audio-decode: opus_decode failed err=-4 text=corrupted stream packet_bytes=264
000926 +0000040236ms ERROR audio-decode: opus_decode failed err=-4 text=corrupted stream packet_bytes=270
000927 +0000040237ms ERROR audio-decode: opus_decode failed err=-4 text=corrupted stream packet_bytes=268
000928 +0000040239ms ERROR audio-decode: opus_decode failed err=-4 text=corrupted stream packet_bytes=266
000929 +0000040241ms ERROR audio-decode: opus_decode failed err=-4 text=corrupted stream packet_bytes=266
000930 +0000040243ms ERROR audio-decode: opus_decode failed err=-4 text=corrupted stream packet_bytes=267
000931 +0000040245ms ERROR audio-decode: opus_decode failed err=-4 text=corrupted stream packet_bytes=265
000932 +0000040247ms ERROR audio-decode: opus_decode failed err=-4 text=corrupted stream packet_bytes=264
000933 +0000040249ms ERROR audio-decode: opus_decode failed err=-4 text=corrupted stream packet_bytes=265
000934 +0000040255ms ERROR audio-decode: opus_decode failed err=-4 text=corrupted stream packet_bytes=264
000935 +0000040258ms ERROR audio-decode: opus_decode failed err=-4 text=corrupted stream packet_bytes=265
000936 +0000040260ms ERROR audio-decode: opus_decode failed err=-4 text=corrupted stream packet_bytes=266
000937 +0000040262ms ERROR audio-decode: opus_decode failed err=-4 text=corrupted stream packet_bytes=270
000938 +0000040267ms ERROR audio-decode: opus_decode failed err=-4 text=corrupted stream packet_bytes=270
000939 +0000040270ms ERROR audio-decode: opus_decode failed err=-4 text=corrupted stream packet_bytes=267
000940 +0000040272ms ERROR audio-decode: opus_decode failed err=-4 text=corrupted stream packet_bytes=266
000941 +0000040298ms ERROR video-decode: unsupported pixel format=12 size=1280x720
000942 +0000040317ms ERROR video-decode: unsupported pixel format=12 size=1280x720
000943 +0000040318ms WARN  libpeer: rtp.c:534 RTP H264: sequence gap inside fragmented NALU (2064 -> 2069)
000944 +0000040320ms WARN  libpeer: rtp.c:534 RTP H264: sequence gap inside fragmented NALU (2084 -> 2097)
000945 +0000040322ms WARN  libpeer: rtp.c:534 RTP H264: sequence gap inside fragmented NALU (2097 -> 2105)
000946 +0000040324ms ERROR audio-decode: opus_decode failed err=-4 text=corrupted stream packet_bytes=267
000947 +0000040326ms ERROR audio-decode: opus_decode failed err=-4 text=corrupted stream packet_bytes=269
000948 +0000040328ms ERROR audio-decode: opus_decode failed err=-4 text=corrupted stream packet_bytes=265
000949 +0000040330ms ERROR audio-decode: opus_decode failed err=-4 text=corrupted stream packet_bytes=265
000950 +0000040332ms ERROR audio-decode: opus_decode failed err=-4 text=corrupted stream packet_bytes=265
000951 +0000040334ms ERROR audio-decode: opus_decode failed err=-4 text=corrupted stream packet_bytes=268
000952 +0000040336ms ERROR audio-decode: opus_decode failed err=-4 text=corrupted stream packet_bytes=268
000953 +0000040339ms ERROR audio-decode: opus_decode failed err=-4 text=corrupted stream packet_bytes=267
000954 +0000040342ms ERROR audio-decode: opus_decode failed err=-4 text=corrupted stream packet_bytes=266
000955 +0000040345ms ERROR audio-decode: opus_decode failed err=-4 text=corrupted stream packet_bytes=266
000956 +0000040348ms ERROR audio-decode: opus_decode failed err=-4 text=corrupted stream packet_bytes=269
000957 +0000040353ms ERROR audio-decode: opus_decode failed err=-4 text=corrupted stream packet_bytes=268
000958 +0000040355ms ERROR audio-decode: opus_decode failed err=-4 text=corrupted stream packet_bytes=268
000959 +0000040358ms ERROR audio-decode: opus_decode failed err=-4 text=corrupted stream packet_bytes=266
000960 +0000040361ms WARN  libpeer: rtp.c:534 RTP H264: sequence gap inside fragmented NALU (2109 -> 2131)
000961 +0000040442ms ERROR video-decode: unsupported pixel format=12 size=1280x720
000962 +0000040461ms ERROR video-decode: unsupported pixel format=12 size=1280x720
000963 +0000040463ms ERROR audio-decode: opus_decode failed err=-4 text=corrupted stream packet_bytes=268
000964 +0000040466ms ERROR audio-decode: opus_decode failed err=-4 text=corrupted stream packet_bytes=267
000965 +0000040468ms ERROR audio-decode: opus_decode failed err=-4 text=corrupted stream packet_bytes=266
000966 +0000040487ms ERROR video-decode: unsupported pixel format=12 size=1280x720
000967 +0000040505ms ERROR video-decode: unsupported pixel format=12 size=1280x720
000968 +0000040507ms ERROR audio-decode: opus_decode failed err=-4 text=corrupted stream packet_bytes=265
000969 +0000040509ms ERROR audio-decode: opus_decode failed err=-4 text=corrupted stream packet_bytes=265
000970 +0000040512ms ERROR audio-decode: opus_decode failed err=-4 text=corrupted stream packet_bytes=265
000971 +0000040530ms ERROR video-decode: unsupported pixel format=12 size=1280x720
000972 +0000040549ms ERROR video-decode: unsupported pixel format=12 size=1280x720
000973 +0000040551ms ERROR audio-decode: opus_decode failed err=-4 text=corrupted stream packet_bytes=265
000974 +0000040553ms ERROR audio-decode: opus_decode failed err=-4 text=corrupted stream packet_bytes=265
000975 +0000040556ms ERROR audio-decode: opus_decode failed err=-4 text=corrupted stream packet_bytes=266
000976 +0000040575ms ERROR video-decode: unsupported pixel format=12 size=1280x720
000977 +0000040594ms ERROR video-decode: unsupported pixel format=12 size=1280x720
000978 +0000040596ms ERROR audio-decode: opus_decode failed err=-4 text=corrupted stream packet_bytes=265
000979 +0000040599ms ERROR audio-decode: opus_decode failed err=-4 text=corrupted stream packet_bytes=268
000980 +0000040603ms ERROR signaling: poll failed error=WebSocket closed
000981 +0000040607ms INFO  stream: stopping media and CloudMatch session
000982 +0000040609ms INFO  webrtc: stop begin state=signaling disconnected: WebSocket closed video_packets=203 decoded=0 video_failures=203 audio_packets=617 audio_failures=617 input_packets=41
000983 +0000040613ms INFO  webrtc: stop complete
000984 +0000040615ms INFO  http: request begin method=DELETE url=https://prod.cloudmatchbeta.nvidiagrid.net/v2/session/<redacted> request_bytes=0 headers=15
000985 +0000040617ms INFO  tls: connect begin host=prod.cloudmatchbeta.nvidiagrid.net port=443 ca=game:\cacert.pem
000986 +0000040619ms INFO  socket: preflight mode=XNet bypass-security plus DashLaunch sockpatch
000987 +0000040646ms INFO  dns: lookup complete host=prod.cloudmatchbeta.nvidiagrid.net status=0 addresses=5 elapsed_ms=24
000988 +0000040648ms INFO  socket: resolved endpoint host=prod.cloudmatchbeta.nvidiagrid.net ipv4=66.22.140.147 port=443 raw=0x42168c93
000989 +0000040650ms DEBUG socket: probe attempt=1 strategy=5801-only create=0x1f25e000 wsa=0
000990 +0000040659ms INFO  socket: probe result strategy=5801-only opt5802=0/0 opt5801=0/0 connect=0/0 elapsed_ms=42
000991 +0000040661ms DEBUG tls: CA load begin path=game:\cacert.pem
000992 +0000040736ms INFO  tls: CA load complete path=game:\cacert.pem bytes=188900 skipped_certificates=59
000993 +0000040742ms INFO  tls: handshake begin host=prod.cloudmatchbeta.nvidiagrid.net
000994 +0000040795ms INFO  tls: connect complete host=prod.cloudmatchbeta.nvidiagrid.net port=443 spins=0 elapsed_ms=178
000995 +0000040843ms INFO  http: request end method=DELETE url=https://prod.cloudmatchbeta.nvidiagrid.net/v2/session/<redacted> status=200 response_bytes=235 elapsed_ms=228
000996 +0000040845ms INFO  session: session shutdown complete
000997 +0000040868ms INFO  main: waiting for controller A before returning
000998 +0000048692ms INFO  main: controller A received; application returning
000999 +0000048752ms INFO  logger: closing persistent log
