OpenNOW-Xenon persistent diagnostic log
Log format: sequence elapsed-ms level component message
Secrets, authorization headers, and request bodies are intentionally omitted.
000001 +0000000068ms INFO  logger: persistent logging opened at game:\opennow.log
000002 +0000000070ms INFO  boot: OpenNOW Xbox-kernel/XEX platform starting
000003 +0000000072ms INFO  xdk-video: initialization begin sdk=0
000004 +0000000074ms INFO  xdk-video: video mode reported=1920x1080 widescreen=1 progressive=1 selected=1280x720
000005 +0000000133ms INFO  xdk-video: CreateDevice complete device=40002A00
000006 +0000000138ms INFO  xdk-video: stream video shaders initialized
000007 +0000000140ms INFO  xdk-audio: initialization begin rate=48000 channels=2
000008 +0000000142ms INFO  xdk-audio: initialization complete engine=40009D10 voice=4001B760
000009 +0000000144ms INFO  xdk-net: insecure_sockets_allowed=1 xnet_flags=0x01
000010 +0000000146ms INFO  xdk-net: public Internet access uses XNet bypass, XEX privilege, and per-socket 0x5801 marking
000011 +0000000199ms INFO  xdk-net: title network ready status=0x00000068 ip=0xc0a802cc
000012 +0000000200ms INFO  boot: XEX platform ready display=1280x720
000013 +0000000202ms INFO  input: GFN gamepad mouse keyboard packet encoding self-test passed
000014 +0000000204ms INFO  main: entered application main; persistent_log=game:\opennow.log
000015 +0000000257ms INFO  ui: first frame presented display=1280x720 chars=0
000016 +0000000261ms INFO  ui: first non-empty text frame presented chars=116
000017 +0000000263ms INFO  http: XEX HTTPS transport initialized (mbedTLS/Winsock)
000018 +0000000276ms INFO  main: checking saved authentication session at game:\opennow_session.json
000019 +0000000290ms INFO  storage: session file parsed path=game:\opennow_session.json bytes=1757 usable=1
000020 +0000000292ms INFO  auth: saved session loaded provider=NVIDIA user_name_length=14
000021 +0000000297ms INFO  auth: refreshing saved session if required
000022 +0000000340ms INFO  storage: session file write path=game:\opennow_session.json result=1
000023 +0000000341ms INFO  auth: saved session refresh complete persisted=1
000024 +0000000343ms INFO  catalog: fetching authenticated catalog
000025 +0000000386ms INFO  http: request begin method=GET url=https://prod.cloudmatchbeta.nvidiagrid.net/v2/serverInfo request_bytes=0 headers=15
000026 +0000000388ms INFO  tls: CA bundle selected path=game:\cacert.pem
000027 +0000000390ms INFO  tls: connect begin host=prod.cloudmatchbeta.nvidiagrid.net port=443 ca=game:\cacert.pem
000028 +0000000392ms INFO  socket: preflight mode=XNet bypass-security plus DashLaunch sockpatch
000029 +0000000453ms INFO  dns: lookup complete host=prod.cloudmatchbeta.nvidiagrid.net status=0 addresses=5 elapsed_ms=59
000030 +0000000454ms INFO  socket: resolved endpoint host=prod.cloudmatchbeta.nvidiagrid.net ipv4=66.22.140.134 port=443 raw=0x42168c86
000031 +0000000457ms DEBUG socket: probe attempt=1 strategy=5801-only create=0x1a508000 wsa=0
000032 +0000000473ms INFO  socket: probe result strategy=5801-only opt5802=0/0 opt5801=0/0 connect=0/0 elapsed_ms=83
000033 +0000000477ms DEBUG tls: CA load begin path=game:\cacert.pem
000034 +0000000583ms INFO  tls: CA load complete path=game:\cacert.pem bytes=188900 skipped_certificates=59
000035 +0000000585ms INFO  tls: handshake begin host=prod.cloudmatchbeta.nvidiagrid.net
000036 +0000000731ms INFO  tls: connect complete host=prod.cloudmatchbeta.nvidiagrid.net port=443 spins=0 elapsed_ms=341
000037 +0000000748ms INFO  http: request end method=GET url=https://prod.cloudmatchbeta.nvidiagrid.net/v2/serverInfo status=200 response_bytes=9204 elapsed_ms=362
000038 +0000000752ms INFO  http: request begin method=POST url=https://games.geforce.com/graphql request_bytes=720 headers=16
000039 +0000000768ms INFO  tls: connect begin host=games.geforce.com port=443 ca=game:\cacert.pem
000040 +0000000770ms INFO  socket: preflight mode=XNet bypass-security plus DashLaunch sockpatch
000041 +0000000798ms INFO  dns: lookup complete host=games.geforce.com status=0 addresses=4 elapsed_ms=26
000042 +0000000801ms INFO  socket: resolved endpoint host=games.geforce.com ipv4=13.225.196.30 port=443 raw=0x0de1c41e
000043 +0000000802ms DEBUG socket: probe attempt=1 strategy=5801-only create=0x1a509000 wsa=0
000044 +0000000816ms INFO  socket: probe result strategy=5801-only opt5802=0/0 opt5801=0/0 connect=0/0 elapsed_ms=48
000045 +0000000818ms DEBUG tls: CA load begin path=game:\cacert.pem
000046 +0000000859ms INFO  tls: CA load complete path=game:\cacert.pem bytes=188900 skipped_certificates=59
000047 +0000000861ms INFO  tls: handshake begin host=games.geforce.com
000048 +0000000909ms INFO  tls: connect complete host=games.geforce.com port=443 spins=0 elapsed_ms=141
000049 +0000002764ms INFO  http: request end method=POST url=https://games.geforce.com/graphql status=200 response_bytes=350044 elapsed_ms=2012
000050 +0000002871ms INFO  catalog: page fetched page=1 items=120 accumulated=120 total=5958 has_next=1 cursor_advanced=1
000051 +0000002877ms INFO  http: request begin method=POST url=https://games.geforce.com/graphql request_bytes=724 headers=16
000052 +0000002879ms INFO  tls: connect begin host=games.geforce.com port=443 ca=game:\cacert.pem
000053 +0000002881ms INFO  socket: preflight mode=XNet bypass-security plus DashLaunch sockpatch
000054 +0000002901ms INFO  dns: lookup complete host=games.geforce.com status=0 addresses=4 elapsed_ms=18
000055 +0000002903ms INFO  socket: resolved endpoint host=games.geforce.com ipv4=13.225.196.118 port=443 raw=0x0de1c476
000056 +0000002905ms DEBUG socket: probe attempt=1 strategy=5801-only create=0x1a50a000 wsa=0
000057 +0000002933ms INFO  socket: probe result strategy=5801-only opt5802=0/0 opt5801=0/0 connect=0/0 elapsed_ms=54
000058 +0000002935ms DEBUG tls: CA load begin path=game:\cacert.pem
000059 +0000002976ms INFO  tls: CA load complete path=game:\cacert.pem bytes=188900 skipped_certificates=59
000060 +0000002979ms INFO  tls: handshake begin host=games.geforce.com
000061 +0000003053ms INFO  tls: connect complete host=games.geforce.com port=443 spins=0 elapsed_ms=174
000062 +0000003979ms INFO  http: request end method=POST url=https://games.geforce.com/graphql status=200 response_bytes=360955 elapsed_ms=1102
000063 +0000004098ms INFO  catalog: page fetched page=2 items=120 accumulated=240 total=5958 has_next=1 cursor_advanced=1
000064 +0000004104ms INFO  http: request begin method=POST url=https://games.geforce.com/graphql request_bytes=724 headers=16
000065 +0000004107ms INFO  tls: connect begin host=games.geforce.com port=443 ca=game:\cacert.pem
000066 +0000004109ms INFO  socket: preflight mode=XNet bypass-security plus DashLaunch sockpatch
000067 +0000004122ms INFO  dns: lookup complete host=games.geforce.com status=0 addresses=4 elapsed_ms=10
000068 +0000004124ms INFO  socket: resolved endpoint host=games.geforce.com ipv4=13.225.196.30 port=443 raw=0x0de1c41e
000069 +0000004126ms DEBUG socket: probe attempt=1 strategy=5801-only create=0x1a50b000 wsa=0
000070 +0000004132ms INFO  socket: probe result strategy=5801-only opt5802=0/0 opt5801=0/0 connect=0/0 elapsed_ms=25
000071 +0000004134ms DEBUG tls: CA load begin path=game:\cacert.pem
000072 +0000004179ms INFO  tls: CA load complete path=game:\cacert.pem bytes=188900 skipped_certificates=59
000073 +0000004188ms INFO  tls: handshake begin host=games.geforce.com
000074 +0000004232ms INFO  tls: connect complete host=games.geforce.com port=443 spins=0 elapsed_ms=125
000075 +0000005125ms INFO  http: request end method=POST url=https://games.geforce.com/graphql status=200 response_bytes=335445 elapsed_ms=1021
000076 +0000005237ms INFO  catalog: page fetched page=3 items=120 accumulated=360 total=5958 has_next=1 cursor_advanced=1
000077 +0000005243ms INFO  http: request begin method=POST url=https://games.geforce.com/graphql request_bytes=724 headers=16
000078 +0000005245ms INFO  tls: connect begin host=games.geforce.com port=443 ca=game:\cacert.pem
000079 +0000005246ms INFO  socket: preflight mode=XNet bypass-security plus DashLaunch sockpatch
000080 +0000005254ms INFO  dns: lookup complete host=games.geforce.com status=0 addresses=4 elapsed_ms=6
000081 +0000005257ms INFO  socket: resolved endpoint host=games.geforce.com ipv4=13.225.196.27 port=443 raw=0x0de1c41b
000082 +0000005258ms DEBUG socket: probe attempt=1 strategy=5801-only create=0x1a50c000 wsa=0
000083 +0000005265ms INFO  socket: probe result strategy=5801-only opt5802=0/0 opt5801=0/0 connect=0/0 elapsed_ms=20
000084 +0000005267ms DEBUG tls: CA load begin path=game:\cacert.pem
000085 +0000005309ms INFO  tls: CA load complete path=game:\cacert.pem bytes=188900 skipped_certificates=59
000086 +0000005311ms INFO  tls: handshake begin host=games.geforce.com
000087 +0000005363ms INFO  tls: connect complete host=games.geforce.com port=443 spins=0 elapsed_ms=118
000088 +0000006252ms INFO  http: request end method=POST url=https://games.geforce.com/graphql status=200 response_bytes=324065 elapsed_ms=1009
000089 +0000006361ms INFO  catalog: page fetched page=4 items=120 accumulated=480 total=5958 has_next=1 cursor_advanced=1
000090 +0000006369ms INFO  http: request begin method=POST url=https://games.geforce.com/graphql request_bytes=724 headers=16
000091 +0000006371ms INFO  tls: connect begin host=games.geforce.com port=443 ca=game:\cacert.pem
000092 +0000006373ms INFO  socket: preflight mode=XNet bypass-security plus DashLaunch sockpatch
000093 +0000006382ms INFO  dns: lookup complete host=games.geforce.com status=0 addresses=4 elapsed_ms=7
000094 +0000006384ms INFO  socket: resolved endpoint host=games.geforce.com ipv4=13.225.196.29 port=443 raw=0x0de1c41d
000095 +0000006386ms DEBUG socket: probe attempt=1 strategy=5801-only create=0x1a50d000 wsa=0
000096 +0000006393ms INFO  socket: probe result strategy=5801-only opt5802=0/0 opt5801=0/0 connect=0/0 elapsed_ms=22
000097 +0000006394ms DEBUG tls: CA load begin path=game:\cacert.pem
000098 +0000006437ms INFO  tls: CA load complete path=game:\cacert.pem bytes=188900 skipped_certificates=59
000099 +0000006443ms INFO  tls: handshake begin host=games.geforce.com
000100 +0000006492ms INFO  tls: connect complete host=games.geforce.com port=443 spins=0 elapsed_ms=121
000101 +0000007779ms INFO  http: request end method=POST url=https://games.geforce.com/graphql status=200 response_bytes=351232 elapsed_ms=1410
000102 +0000007888ms INFO  catalog: page fetched page=5 items=120 accumulated=600 total=5958 has_next=1 cursor_advanced=1
000103 +0000007894ms INFO  http: request begin method=POST url=https://games.geforce.com/graphql request_bytes=724 headers=16
000104 +0000007896ms INFO  tls: connect begin host=games.geforce.com port=443 ca=game:\cacert.pem
000105 +0000007898ms INFO  socket: preflight mode=XNet bypass-security plus DashLaunch sockpatch
000106 +0000007906ms INFO  dns: lookup complete host=games.geforce.com status=0 addresses=4 elapsed_ms=6
000107 +0000007908ms INFO  socket: resolved endpoint host=games.geforce.com ipv4=13.225.196.118 port=443 raw=0x0de1c476
000108 +0000007910ms DEBUG socket: probe attempt=1 strategy=5801-only create=0x1a50e000 wsa=0
000109 +0000007917ms INFO  socket: probe result strategy=5801-only opt5802=0/0 opt5801=0/0 connect=0/0 elapsed_ms=21
000110 +0000007919ms DEBUG tls: CA load begin path=game:\cacert.pem
000111 +0000007961ms INFO  tls: CA load complete path=game:\cacert.pem bytes=188900 skipped_certificates=59
000112 +0000007964ms INFO  tls: handshake begin host=games.geforce.com
000113 +0000008017ms INFO  tls: connect complete host=games.geforce.com port=443 spins=0 elapsed_ms=121
000114 +0000008972ms INFO  http: request end method=POST url=https://games.geforce.com/graphql status=200 response_bytes=341626 elapsed_ms=1078
000115 +0000009090ms INFO  catalog: page fetched page=6 items=120 accumulated=720 total=5958 has_next=1 cursor_advanced=1
000116 +0000009099ms INFO  http: request begin method=POST url=https://games.geforce.com/graphql request_bytes=724 headers=16
000117 +0000009101ms INFO  tls: connect begin host=games.geforce.com port=443 ca=game:\cacert.pem
000118 +0000009103ms INFO  socket: preflight mode=XNet bypass-security plus DashLaunch sockpatch
000119 +0000009111ms INFO  dns: lookup complete host=games.geforce.com status=0 addresses=4 elapsed_ms=6
000120 +0000009114ms INFO  socket: resolved endpoint host=games.geforce.com ipv4=13.225.196.30 port=443 raw=0x0de1c41e
000121 +0000009115ms DEBUG socket: probe attempt=1 strategy=5801-only create=0x1a50f000 wsa=0
000122 +0000009128ms INFO  socket: probe result strategy=5801-only opt5802=0/0 opt5801=0/0 connect=0/0 elapsed_ms=27
000123 +0000009131ms DEBUG tls: CA load begin path=game:\cacert.pem
000124 +0000009173ms INFO  tls: CA load complete path=game:\cacert.pem bytes=188900 skipped_certificates=59
000125 +0000009182ms INFO  tls: handshake begin host=games.geforce.com
000126 +0000009236ms INFO  tls: connect complete host=games.geforce.com port=443 spins=0 elapsed_ms=135
000127 +0000010532ms INFO  http: request end method=POST url=https://games.geforce.com/graphql status=200 response_bytes=326049 elapsed_ms=1433
000128 +0000010633ms INFO  catalog: page fetched page=7 items=120 accumulated=840 total=5958 has_next=1 cursor_advanced=1
000129 +0000010664ms INFO  http: request begin method=POST url=https://games.geforce.com/graphql request_bytes=724 headers=16
000130 +0000010666ms INFO  tls: connect begin host=games.geforce.com port=443 ca=game:\cacert.pem
000131 +0000010668ms INFO  socket: preflight mode=XNet bypass-security plus DashLaunch sockpatch
000132 +0000010688ms INFO  dns: lookup complete host=games.geforce.com status=0 addresses=4 elapsed_ms=18
000133 +0000010690ms INFO  socket: resolved endpoint host=games.geforce.com ipv4=13.225.196.27 port=443 raw=0x0de1c41b
000134 +0000010692ms DEBUG socket: probe attempt=1 strategy=5801-only create=0x1a510000 wsa=0
000135 +0000010701ms INFO  socket: probe result strategy=5801-only opt5802=0/0 opt5801=0/0 connect=0/0 elapsed_ms=35
000136 +0000010705ms DEBUG tls: CA load begin path=game:\cacert.pem
000137 +0000010748ms INFO  tls: CA load complete path=game:\cacert.pem bytes=188900 skipped_certificates=59
000138 +0000010765ms INFO  tls: handshake begin host=games.geforce.com
000139 +0000010814ms INFO  tls: connect complete host=games.geforce.com port=443 spins=0 elapsed_ms=148
000140 +0000012459ms INFO  http: request end method=POST url=https://games.geforce.com/graphql status=200 response_bytes=341909 elapsed_ms=1795
000141 +0000012570ms INFO  catalog: page fetched page=8 items=120 accumulated=960 total=5958 has_next=1 cursor_advanced=1
000142 +0000012576ms INFO  http: request begin method=POST url=https://games.geforce.com/graphql request_bytes=724 headers=16
000143 +0000012578ms INFO  tls: connect begin host=games.geforce.com port=443 ca=game:\cacert.pem
000144 +0000012580ms INFO  socket: preflight mode=XNet bypass-security plus DashLaunch sockpatch
000145 +0000012588ms INFO  dns: lookup complete host=games.geforce.com status=0 addresses=4 elapsed_ms=6
000146 +0000012591ms INFO  socket: resolved endpoint host=games.geforce.com ipv4=13.225.196.29 port=443 raw=0x0de1c41d
000147 +0000012593ms DEBUG socket: probe attempt=1 strategy=5801-only create=0x1a511000 wsa=0
000148 +0000012609ms INFO  socket: probe result strategy=5801-only opt5802=0/0 opt5801=0/0 connect=0/0 elapsed_ms=31
000149 +0000012611ms DEBUG tls: CA load begin path=game:\cacert.pem
000150 +0000012654ms INFO  tls: CA load complete path=game:\cacert.pem bytes=188900 skipped_certificates=59
000151 +0000012656ms INFO  tls: handshake begin host=games.geforce.com
000152 +0000012720ms INFO  tls: connect complete host=games.geforce.com port=443 spins=0 elapsed_ms=142
000153 +0000014613ms INFO  http: request end method=POST url=https://games.geforce.com/graphql status=200 response_bytes=367357 elapsed_ms=2037
000154 +0000014729ms INFO  catalog: page fetched page=9 items=120 accumulated=1080 total=5958 has_next=1 cursor_advanced=1
000155 +0000014736ms INFO  http: request begin method=POST url=https://games.geforce.com/graphql request_bytes=728 headers=16
000156 +0000014738ms INFO  tls: connect begin host=games.geforce.com port=443 ca=game:\cacert.pem
000157 +0000014740ms INFO  socket: preflight mode=XNet bypass-security plus DashLaunch sockpatch
000158 +0000014750ms INFO  dns: lookup complete host=games.geforce.com status=0 addresses=4 elapsed_ms=8
000159 +0000014753ms INFO  socket: resolved endpoint host=games.geforce.com ipv4=13.225.196.118 port=443 raw=0x0de1c476
000160 +0000014755ms DEBUG socket: probe attempt=1 strategy=5801-only create=0x1a512000 wsa=0
000161 +0000014769ms INFO  socket: probe result strategy=5801-only opt5802=0/0 opt5801=0/0 connect=0/0 elapsed_ms=31
000162 +0000014771ms DEBUG tls: CA load begin path=game:\cacert.pem
000163 +0000014814ms INFO  tls: CA load complete path=game:\cacert.pem bytes=188900 skipped_certificates=59
000164 +0000014816ms INFO  tls: handshake begin host=games.geforce.com
000165 +0000014880ms INFO  tls: connect complete host=games.geforce.com port=443 spins=0 elapsed_ms=142
000166 +0000016414ms INFO  http: request end method=POST url=https://games.geforce.com/graphql status=200 response_bytes=325704 elapsed_ms=1678
000167 +0000016520ms INFO  catalog: page fetched page=10 items=120 accumulated=1200 total=5958 has_next=1 cursor_advanced=1
000168 +0000016526ms INFO  http: request begin method=POST url=https://games.geforce.com/graphql request_bytes=728 headers=16
000169 +0000016528ms INFO  tls: connect begin host=games.geforce.com port=443 ca=game:\cacert.pem
000170 +0000016531ms INFO  socket: preflight mode=XNet bypass-security plus DashLaunch sockpatch
000171 +0000016543ms INFO  dns: lookup complete host=games.geforce.com status=0 addresses=4 elapsed_ms=10
000172 +0000016545ms INFO  socket: resolved endpoint host=games.geforce.com ipv4=13.225.196.30 port=443 raw=0x0de1c41e
000173 +0000016547ms DEBUG socket: probe attempt=1 strategy=5801-only create=0x1a513000 wsa=0
000174 +0000016562ms INFO  socket: probe result strategy=5801-only opt5802=0/0 opt5801=0/0 connect=0/0 elapsed_ms=34
000175 +0000016564ms DEBUG tls: CA load begin path=game:\cacert.pem
000176 +0000016606ms INFO  tls: CA load complete path=game:\cacert.pem bytes=188900 skipped_certificates=59
000177 +0000016608ms INFO  tls: handshake begin host=games.geforce.com
000178 +0000016653ms INFO  tls: connect complete host=games.geforce.com port=443 spins=0 elapsed_ms=125
000179 +0000017900ms INFO  http: request end method=POST url=https://games.geforce.com/graphql status=200 response_bytes=319676 elapsed_ms=1374
000180 +0000018003ms INFO  catalog: page fetched page=11 items=120 accumulated=1320 total=5958 has_next=1 cursor_advanced=1
000181 +0000018009ms INFO  http: request begin method=POST url=https://games.geforce.com/graphql request_bytes=728 headers=16
000182 +0000018011ms INFO  tls: connect begin host=games.geforce.com port=443 ca=game:\cacert.pem
000183 +0000018014ms INFO  socket: preflight mode=XNet bypass-security plus DashLaunch sockpatch
000184 +0000018022ms INFO  dns: lookup complete host=games.geforce.com status=0 addresses=4 elapsed_ms=6
000185 +0000018024ms INFO  socket: resolved endpoint host=games.geforce.com ipv4=13.225.196.27 port=443 raw=0x0de1c41b
000186 +0000018026ms DEBUG socket: probe attempt=1 strategy=5801-only create=0x1a514000 wsa=0
000187 +0000018036ms INFO  socket: probe result strategy=5801-only opt5802=0/0 opt5801=0/0 connect=0/0 elapsed_ms=25
000188 +0000018038ms DEBUG tls: CA load begin path=game:\cacert.pem
000189 +0000018080ms INFO  tls: CA load complete path=game:\cacert.pem bytes=188900 skipped_certificates=59
000190 +0000018082ms INFO  tls: handshake begin host=games.geforce.com
000191 +0000018134ms INFO  tls: connect complete host=games.geforce.com port=443 spins=0 elapsed_ms=123
000192 +0000019529ms INFO  http: request end method=POST url=https://games.geforce.com/graphql status=200 response_bytes=336139 elapsed_ms=1520
000193 +0000019635ms INFO  catalog: page fetched page=12 items=120 accumulated=1440 total=5958 has_next=1 cursor_advanced=1
000194 +0000019641ms INFO  http: request begin method=POST url=https://games.geforce.com/graphql request_bytes=728 headers=16
000195 +0000019643ms INFO  tls: connect begin host=games.geforce.com port=443 ca=game:\cacert.pem
000196 +0000019645ms INFO  socket: preflight mode=XNet bypass-security plus DashLaunch sockpatch
000197 +0000019652ms INFO  dns: lookup complete host=games.geforce.com status=0 addresses=4 elapsed_ms=4
000198 +0000019654ms INFO  socket: resolved endpoint host=games.geforce.com ipv4=13.225.196.29 port=443 raw=0x0de1c41d
000199 +0000019656ms DEBUG socket: probe attempt=1 strategy=5801-only create=0x1a515000 wsa=0
000200 +0000019664ms INFO  socket: probe result strategy=5801-only opt5802=0/0 opt5801=0/0 connect=0/0 elapsed_ms=21
000201 +0000019668ms DEBUG tls: CA load begin path=game:\cacert.pem
000202 +0000019711ms INFO  tls: CA load complete path=game:\cacert.pem bytes=188900 skipped_certificates=59
000203 +0000019713ms INFO  tls: handshake begin host=games.geforce.com
000204 +0000019767ms INFO  tls: connect complete host=games.geforce.com port=443 spins=0 elapsed_ms=124
000205 +0000021149ms INFO  http: request end method=POST url=https://games.geforce.com/graphql status=200 response_bytes=329761 elapsed_ms=1508
000206 +0000021259ms INFO  catalog: page fetched page=13 items=120 accumulated=1560 total=5958 has_next=1 cursor_advanced=1
000207 +0000021265ms INFO  http: request begin method=POST url=https://games.geforce.com/graphql request_bytes=728 headers=16
000208 +0000021267ms INFO  tls: connect begin host=games.geforce.com port=443 ca=game:\cacert.pem
000209 +0000021269ms INFO  socket: preflight mode=XNet bypass-security plus DashLaunch sockpatch
000210 +0000021298ms INFO  dns: lookup complete host=games.geforce.com status=0 addresses=4 elapsed_ms=27
000211 +0000021300ms INFO  socket: resolved endpoint host=games.geforce.com ipv4=13.225.196.118 port=443 raw=0x0de1c476
000212 +0000021302ms DEBUG socket: probe attempt=1 strategy=5801-only create=0x1a516000 wsa=0
000213 +0000021310ms INFO  socket: probe result strategy=5801-only opt5802=0/0 opt5801=0/0 connect=0/0 elapsed_ms=43
000214 +0000021312ms DEBUG tls: CA load begin path=game:\cacert.pem
000215 +0000021354ms INFO  tls: CA load complete path=game:\cacert.pem bytes=188900 skipped_certificates=59
000216 +0000021356ms INFO  tls: handshake begin host=games.geforce.com
000217 +0000021435ms INFO  tls: connect complete host=games.geforce.com port=443 spins=0 elapsed_ms=168
000218 +0000022694ms INFO  http: request end method=POST url=https://games.geforce.com/graphql status=200 response_bytes=369161 elapsed_ms=1429
000219 +0000022813ms INFO  catalog: page fetched page=14 items=120 accumulated=1680 total=5958 has_next=1 cursor_advanced=1
000220 +0000022819ms INFO  http: request begin method=POST url=https://games.geforce.com/graphql request_bytes=728 headers=16
000221 +0000022821ms INFO  tls: connect begin host=games.geforce.com port=443 ca=game:\cacert.pem
000222 +0000022823ms INFO  socket: preflight mode=XNet bypass-security plus DashLaunch sockpatch
000223 +0000022835ms INFO  dns: lookup complete host=games.geforce.com status=0 addresses=4 elapsed_ms=10
000224 +0000022837ms INFO  socket: resolved endpoint host=games.geforce.com ipv4=13.225.196.30 port=443 raw=0x0de1c41e
000225 +0000022839ms DEBUG socket: probe attempt=1 strategy=5801-only create=0x1a517000 wsa=0
000226 +0000022846ms INFO  socket: probe result strategy=5801-only opt5802=0/0 opt5801=0/0 connect=0/0 elapsed_ms=25
000227 +0000022849ms DEBUG tls: CA load begin path=game:\cacert.pem
000228 +0000022890ms INFO  tls: CA load complete path=game:\cacert.pem bytes=188900 skipped_certificates=59
000229 +0000022892ms INFO  tls: handshake begin host=games.geforce.com
000230 +0000022941ms INFO  tls: connect complete host=games.geforce.com port=443 spins=0 elapsed_ms=120
000231 +0000024240ms INFO  http: request end method=POST url=https://games.geforce.com/graphql status=200 response_bytes=335093 elapsed_ms=1421
000232 +0000024347ms INFO  catalog: page fetched page=15 items=120 accumulated=1800 total=5958 has_next=1 cursor_advanced=1
000233 +0000024353ms INFO  http: request begin method=POST url=https://games.geforce.com/graphql request_bytes=728 headers=16
000234 +0000024355ms INFO  tls: connect begin host=games.geforce.com port=443 ca=game:\cacert.pem
000235 +0000024357ms INFO  socket: preflight mode=XNet bypass-security plus DashLaunch sockpatch
000236 +0000024366ms INFO  dns: lookup complete host=games.geforce.com status=0 addresses=4 elapsed_ms=6
000237 +0000024369ms INFO  socket: resolved endpoint host=games.geforce.com ipv4=13.225.196.27 port=443 raw=0x0de1c41b
000238 +0000024371ms DEBUG socket: probe attempt=1 strategy=5801-only create=0x1a518000 wsa=0
000239 +0000024378ms INFO  socket: probe result strategy=5801-only opt5802=0/0 opt5801=0/0 connect=0/0 elapsed_ms=23
000240 +0000024380ms DEBUG tls: CA load begin path=game:\cacert.pem
000241 +0000024423ms INFO  tls: CA load complete path=game:\cacert.pem bytes=188900 skipped_certificates=59
000242 +0000024426ms INFO  tls: handshake begin host=games.geforce.com
000243 +0000024482ms INFO  tls: connect complete host=games.geforce.com port=443 spins=0 elapsed_ms=127
000244 +0000025646ms INFO  http: request end method=POST url=https://games.geforce.com/graphql status=200 response_bytes=316066 elapsed_ms=1293
000245 +0000025755ms INFO  catalog: page fetched page=16 items=120 accumulated=1920 total=5958 has_next=1 cursor_advanced=1
000246 +0000025761ms INFO  http: request begin method=POST url=https://games.geforce.com/graphql request_bytes=728 headers=16
000247 +0000025763ms INFO  tls: connect begin host=games.geforce.com port=443 ca=game:\cacert.pem
000248 +0000025766ms INFO  socket: preflight mode=XNet bypass-security plus DashLaunch sockpatch
000249 +0000025774ms INFO  dns: lookup complete host=games.geforce.com status=0 addresses=4 elapsed_ms=6
000250 +0000025776ms INFO  socket: resolved endpoint host=games.geforce.com ipv4=13.225.196.29 port=443 raw=0x0de1c41d
000251 +0000025778ms DEBUG socket: probe attempt=1 strategy=5801-only create=0x1a519000 wsa=0
000252 +0000025785ms INFO  socket: probe result strategy=5801-only opt5802=0/0 opt5801=0/0 connect=0/0 elapsed_ms=22
000253 +0000025788ms DEBUG tls: CA load begin path=game:\cacert.pem
000254 +0000025831ms INFO  tls: CA load complete path=game:\cacert.pem bytes=188900 skipped_certificates=59
000255 +0000025833ms INFO  tls: handshake begin host=games.geforce.com
000256 +0000025880ms INFO  tls: connect complete host=games.geforce.com port=443 spins=0 elapsed_ms=117
000257 +0000026858ms INFO  http: request end method=POST url=https://games.geforce.com/graphql status=200 response_bytes=348873 elapsed_ms=1097
000258 +0000026969ms INFO  catalog: page fetched page=17 items=120 accumulated=2040 total=5958 has_next=1 cursor_advanced=1
000259 +0000026975ms INFO  http: request begin method=POST url=https://games.geforce.com/graphql request_bytes=728 headers=16
000260 +0000026977ms INFO  tls: connect begin host=games.geforce.com port=443 ca=game:\cacert.pem
000261 +0000026979ms INFO  socket: preflight mode=XNet bypass-security plus DashLaunch sockpatch
000262 +0000026993ms INFO  dns: lookup complete host=games.geforce.com status=0 addresses=4 elapsed_ms=12
000263 +0000026995ms INFO  socket: resolved endpoint host=games.geforce.com ipv4=13.225.196.118 port=443 raw=0x0de1c476
000264 +0000026997ms DEBUG socket: probe attempt=1 strategy=5801-only create=0x1a51a000 wsa=0
000265 +0000027005ms INFO  socket: probe result strategy=5801-only opt5802=0/0 opt5801=0/0 connect=0/0 elapsed_ms=28
000266 +0000027008ms DEBUG tls: CA load begin path=game:\cacert.pem
000267 +0000027049ms INFO  tls: CA load complete path=game:\cacert.pem bytes=188900 skipped_certificates=59
000268 +0000027051ms INFO  tls: handshake begin host=games.geforce.com
000269 +0000027127ms INFO  tls: connect complete host=games.geforce.com port=443 spins=0 elapsed_ms=150
000270 +0000028394ms INFO  http: request end method=POST url=https://games.geforce.com/graphql status=200 response_bytes=347472 elapsed_ms=1419
000271 +0000028510ms INFO  catalog: page fetched page=18 items=120 accumulated=2160 total=5958 has_next=1 cursor_advanced=1
000272 +0000028516ms INFO  http: request begin method=POST url=https://games.geforce.com/graphql request_bytes=728 headers=16
000273 +0000028518ms INFO  tls: connect begin host=games.geforce.com port=443 ca=game:\cacert.pem
000274 +0000028520ms INFO  socket: preflight mode=XNet bypass-security plus DashLaunch sockpatch
000275 +0000028536ms INFO  dns: lookup complete host=games.geforce.com status=0 addresses=4 elapsed_ms=14
000276 +0000028538ms INFO  socket: resolved endpoint host=games.geforce.com ipv4=13.225.196.30 port=443 raw=0x0de1c41e
000277 +0000028540ms DEBUG socket: probe attempt=1 strategy=5801-only create=0x1a51b000 wsa=0
000278 +0000028550ms INFO  socket: probe result strategy=5801-only opt5802=0/0 opt5801=0/0 connect=0/0 elapsed_ms=32
000279 +0000028552ms DEBUG tls: CA load begin path=game:\cacert.pem
000280 +0000028594ms INFO  tls: CA load complete path=game:\cacert.pem bytes=188900 skipped_certificates=59
000281 +0000028596ms INFO  tls: handshake begin host=games.geforce.com
000282 +0000028913ms INFO  tls: connect complete host=games.geforce.com port=443 spins=0 elapsed_ms=395
000283 +0000030472ms INFO  http: request end method=POST url=https://games.geforce.com/graphql status=200 response_bytes=333362 elapsed_ms=1956
000284 +0000030587ms INFO  catalog: page fetched page=19 items=120 accumulated=2280 total=5958 has_next=1 cursor_advanced=1
000285 +0000030593ms INFO  http: request begin method=POST url=https://games.geforce.com/graphql request_bytes=728 headers=16
000286 +0000030595ms INFO  tls: connect begin host=games.geforce.com port=443 ca=game:\cacert.pem
000287 +0000030597ms INFO  socket: preflight mode=XNet bypass-security plus DashLaunch sockpatch
000288 +0000030605ms INFO  dns: lookup complete host=games.geforce.com status=0 addresses=4 elapsed_ms=6
000289 +0000030607ms INFO  socket: resolved endpoint host=games.geforce.com ipv4=13.225.196.27 port=443 raw=0x0de1c41b
000290 +0000030609ms DEBUG socket: probe attempt=1 strategy=5801-only create=0x1a51c000 wsa=0
000291 +0000030616ms INFO  socket: probe result strategy=5801-only opt5802=0/0 opt5801=0/0 connect=0/0 elapsed_ms=21
000292 +0000030618ms DEBUG tls: CA load begin path=game:\cacert.pem
000293 +0000030660ms INFO  tls: CA load complete path=game:\cacert.pem bytes=188900 skipped_certificates=59
000294 +0000030662ms INFO  tls: handshake begin host=games.geforce.com
000295 +0000030710ms INFO  tls: connect complete host=games.geforce.com port=443 spins=0 elapsed_ms=115
000296 +0000031868ms INFO  http: request end method=POST url=https://games.geforce.com/graphql status=200 response_bytes=324132 elapsed_ms=1275
000297 +0000031987ms INFO  catalog: page fetched page=20 items=120 accumulated=2400 total=5958 has_next=1 cursor_advanced=1
000298 +0000031994ms INFO  http: request begin method=POST url=https://games.geforce.com/graphql request_bytes=728 headers=16
000299 +0000031996ms INFO  tls: connect begin host=games.geforce.com port=443 ca=game:\cacert.pem
000300 +0000031998ms INFO  socket: preflight mode=XNet bypass-security plus DashLaunch sockpatch
000301 +0000032012ms INFO  dns: lookup complete host=games.geforce.com status=0 addresses=4 elapsed_ms=12
000302 +0000032014ms INFO  socket: resolved endpoint host=games.geforce.com ipv4=13.225.196.29 port=443 raw=0x0de1c41d
000303 +0000032016ms DEBUG socket: probe attempt=1 strategy=5801-only create=0x1a51d000 wsa=0
000304 +0000032023ms INFO  socket: probe result strategy=5801-only opt5802=0/0 opt5801=0/0 connect=0/0 elapsed_ms=27
000305 +0000032025ms DEBUG tls: CA load begin path=game:\cacert.pem
000306 +0000032067ms INFO  tls: CA load complete path=game:\cacert.pem bytes=188900 skipped_certificates=59
000307 +0000032069ms INFO  tls: handshake begin host=games.geforce.com
000308 +0000032114ms INFO  tls: connect complete host=games.geforce.com port=443 spins=0 elapsed_ms=118
000309 +0000033504ms INFO  http: request end method=POST url=https://games.geforce.com/graphql status=200 response_bytes=344423 elapsed_ms=1510
000310 +0000033612ms INFO  catalog: page fetched page=21 items=120 accumulated=2520 total=5958 has_next=1 cursor_advanced=1
000311 +0000033618ms INFO  http: request begin method=POST url=https://games.geforce.com/graphql request_bytes=728 headers=16
000312 +0000033620ms INFO  tls: connect begin host=games.geforce.com port=443 ca=game:\cacert.pem
000313 +0000033622ms INFO  socket: preflight mode=XNet bypass-security plus DashLaunch sockpatch
000314 +0000033679ms INFO  dns: lookup complete host=games.geforce.com status=0 addresses=4 elapsed_ms=6
000315 +0000033681ms INFO  socket: resolved endpoint host=games.geforce.com ipv4=13.225.196.118 port=443 raw=0x0de1c476
000316 +0000033683ms DEBUG socket: probe attempt=1 strategy=5801-only create=0x1a51e000 wsa=0
000317 +0000033692ms INFO  socket: probe result strategy=5801-only opt5802=0/0 opt5801=0/0 connect=0/0 elapsed_ms=72
000318 +0000033694ms DEBUG tls: CA load begin path=game:\cacert.pem
000319 +0000033735ms INFO  tls: CA load complete path=game:\cacert.pem bytes=188900 skipped_certificates=59
000320 +0000033737ms INFO  tls: handshake begin host=games.geforce.com
000321 +0000033809ms INFO  tls: connect complete host=games.geforce.com port=443 spins=0 elapsed_ms=189
000322 +0000035053ms INFO  http: request end method=POST url=https://games.geforce.com/graphql status=200 response_bytes=319905 elapsed_ms=1435
000323 +0000035160ms INFO  catalog: page fetched page=22 items=120 accumulated=2640 total=5958 has_next=1 cursor_advanced=1
000324 +0000035166ms INFO  http: request begin method=POST url=https://games.geforce.com/graphql request_bytes=728 headers=16
000325 +0000035169ms INFO  tls: connect begin host=games.geforce.com port=443 ca=game:\cacert.pem
000326 +0000035172ms INFO  socket: preflight mode=XNet bypass-security plus DashLaunch sockpatch
000327 +0000035190ms INFO  dns: lookup complete host=games.geforce.com status=0 addresses=4 elapsed_ms=16
000328 +0000035192ms INFO  socket: resolved endpoint host=games.geforce.com ipv4=13.225.196.30 port=443 raw=0x0de1c41e
000329 +0000035194ms DEBUG socket: probe attempt=1 strategy=5801-only create=0x1a51f000 wsa=0
000330 +0000035201ms INFO  socket: probe result strategy=5801-only opt5802=0/0 opt5801=0/0 connect=0/0 elapsed_ms=32
000331 +0000035204ms DEBUG tls: CA load begin path=game:\cacert.pem
000332 +0000035248ms INFO  tls: CA load complete path=game:\cacert.pem bytes=188900 skipped_certificates=59
000333 +0000035250ms INFO  tls: handshake begin host=games.geforce.com
000334 +0000035297ms INFO  tls: connect complete host=games.geforce.com port=443 spins=0 elapsed_ms=128
000335 +0000037553ms INFO  http: request end method=POST url=https://games.geforce.com/graphql status=200 response_bytes=330509 elapsed_ms=2387
000336 +0000037662ms INFO  catalog: page fetched page=23 items=120 accumulated=2760 total=5958 has_next=1 cursor_advanced=1
000337 +0000037668ms INFO  http: request begin method=POST url=https://games.geforce.com/graphql request_bytes=728 headers=16
000338 +0000037670ms INFO  tls: connect begin host=games.geforce.com port=443 ca=game:\cacert.pem
000339 +0000037672ms INFO  socket: preflight mode=XNet bypass-security plus DashLaunch sockpatch
000340 +0000037686ms INFO  dns: lookup complete host=games.geforce.com status=0 addresses=4 elapsed_ms=12
000341 +0000037688ms INFO  socket: resolved endpoint host=games.geforce.com ipv4=13.225.196.27 port=443 raw=0x0de1c41b
000342 +0000037690ms DEBUG socket: probe attempt=1 strategy=5801-only create=0x1a520000 wsa=0
000343 +0000037698ms INFO  socket: probe result strategy=5801-only opt5802=0/0 opt5801=0/0 connect=0/0 elapsed_ms=28
000344 +0000037700ms DEBUG tls: CA load begin path=game:\cacert.pem
000345 +0000037744ms INFO  tls: CA load complete path=game:\cacert.pem bytes=188900 skipped_certificates=59
000346 +0000037746ms INFO  tls: handshake begin host=games.geforce.com
000347 +0000037804ms INFO  tls: connect complete host=games.geforce.com port=443 spins=0 elapsed_ms=134
000348 +0000038778ms INFO  http: request end method=POST url=https://games.geforce.com/graphql status=200 response_bytes=359887 elapsed_ms=1110
000349 +0000038894ms INFO  catalog: page fetched page=24 items=120 accumulated=2880 total=5958 has_next=1 cursor_advanced=1
000350 +0000038900ms INFO  http: request begin method=POST url=https://games.geforce.com/graphql request_bytes=728 headers=16
000351 +0000038902ms INFO  tls: connect begin host=games.geforce.com port=443 ca=game:\cacert.pem
000352 +0000038905ms INFO  socket: preflight mode=XNet bypass-security plus DashLaunch sockpatch
000353 +0000038911ms INFO  dns: lookup complete host=games.geforce.com status=0 addresses=4 elapsed_ms=4
000354 +0000038913ms INFO  socket: resolved endpoint host=games.geforce.com ipv4=13.225.196.29 port=443 raw=0x0de1c41d
000355 +0000038915ms DEBUG socket: probe attempt=1 strategy=5801-only create=0x1a521000 wsa=0
000356 +0000038921ms INFO  socket: probe result strategy=5801-only opt5802=0/0 opt5801=0/0 connect=0/0 elapsed_ms=19
000357 +0000038923ms DEBUG tls: CA load begin path=game:\cacert.pem
000358 +0000038964ms INFO  tls: CA load complete path=game:\cacert.pem bytes=188900 skipped_certificates=59
000359 +0000038966ms INFO  tls: handshake begin host=games.geforce.com
000360 +0000039008ms INFO  tls: connect complete host=games.geforce.com port=443 spins=0 elapsed_ms=106
000361 +0000039972ms INFO  http: request end method=POST url=https://games.geforce.com/graphql status=200 response_bytes=326795 elapsed_ms=1072
000362 +0000040078ms INFO  catalog: page fetched page=25 items=120 accumulated=3000 total=5958 has_next=1 cursor_advanced=1
000363 +0000040084ms INFO  http: request begin method=POST url=https://games.geforce.com/graphql request_bytes=728 headers=16
000364 +0000040086ms INFO  tls: connect begin host=games.geforce.com port=443 ca=game:\cacert.pem
000365 +0000040088ms INFO  socket: preflight mode=XNet bypass-security plus DashLaunch sockpatch
000366 +0000040097ms INFO  dns: lookup complete host=games.geforce.com status=0 addresses=4 elapsed_ms=7
000367 +0000040099ms INFO  socket: resolved endpoint host=games.geforce.com ipv4=13.225.196.118 port=443 raw=0x0de1c476
000368 +0000040101ms DEBUG socket: probe attempt=1 strategy=5801-only create=0x1a522000 wsa=0
000369 +0000040110ms INFO  socket: probe result strategy=5801-only opt5802=0/0 opt5801=0/0 connect=0/0 elapsed_ms=24
000370 +0000040113ms DEBUG tls: CA load begin path=game:\cacert.pem
000371 +0000040155ms INFO  tls: CA load complete path=game:\cacert.pem bytes=188900 skipped_certificates=59
000372 +0000040157ms INFO  tls: handshake begin host=games.geforce.com
000373 +0000040203ms INFO  tls: connect complete host=games.geforce.com port=443 spins=0 elapsed_ms=117
000374 +0000041543ms INFO  http: request end method=POST url=https://games.geforce.com/graphql status=200 response_bytes=323658 elapsed_ms=1459
000375 +0000041652ms INFO  catalog: page fetched page=26 items=120 accumulated=3120 total=5958 has_next=1 cursor_advanced=1
000376 +0000041658ms INFO  http: request begin method=POST url=https://games.geforce.com/graphql request_bytes=728 headers=16
000377 +0000041660ms INFO  tls: connect begin host=games.geforce.com port=443 ca=game:\cacert.pem
000378 +0000041663ms INFO  socket: preflight mode=XNet bypass-security plus DashLaunch sockpatch
000379 +0000041673ms INFO  dns: lookup complete host=games.geforce.com status=0 addresses=4 elapsed_ms=7
000380 +0000041675ms INFO  socket: resolved endpoint host=games.geforce.com ipv4=13.225.196.30 port=443 raw=0x0de1c41e
000381 +0000041677ms DEBUG socket: probe attempt=1 strategy=5801-only create=0x1a523000 wsa=0
000382 +0000041685ms INFO  socket: probe result strategy=5801-only opt5802=0/0 opt5801=0/0 connect=0/0 elapsed_ms=25
000383 +0000041687ms DEBUG tls: CA load begin path=game:\cacert.pem
000384 +0000041729ms INFO  tls: CA load complete path=game:\cacert.pem bytes=188900 skipped_certificates=59
000385 +0000041731ms INFO  tls: handshake begin host=games.geforce.com
000386 +0000041777ms INFO  tls: connect complete host=games.geforce.com port=443 spins=0 elapsed_ms=117
000387 +0000043132ms INFO  http: request end method=POST url=https://games.geforce.com/graphql status=200 response_bytes=352465 elapsed_ms=1474
000388 +0000043238ms INFO  catalog: page fetched page=27 items=120 accumulated=3240 total=5958 has_next=1 cursor_advanced=1
000389 +0000043244ms INFO  http: request begin method=POST url=https://games.geforce.com/graphql request_bytes=728 headers=16
000390 +0000043246ms INFO  tls: connect begin host=games.geforce.com port=443 ca=game:\cacert.pem
000391 +0000043249ms INFO  socket: preflight mode=XNet bypass-security plus DashLaunch sockpatch
000392 +0000043259ms INFO  dns: lookup complete host=games.geforce.com status=0 addresses=4 elapsed_ms=8
000393 +0000043262ms INFO  socket: resolved endpoint host=games.geforce.com ipv4=13.225.196.27 port=443 raw=0x0de1c41b
000394 +0000043265ms DEBUG socket: probe attempt=1 strategy=5801-only create=0x1a524000 wsa=0
000395 +0000043273ms INFO  socket: probe result strategy=5801-only opt5802=0/0 opt5801=0/0 connect=0/0 elapsed_ms=27
000396 +0000043275ms DEBUG tls: CA load begin path=game:\cacert.pem
000397 +0000043318ms INFO  tls: CA load complete path=game:\cacert.pem bytes=188900 skipped_certificates=59
000398 +0000043320ms INFO  tls: handshake begin host=games.geforce.com
000399 +0000043387ms INFO  tls: connect complete host=games.geforce.com port=443 spins=0 elapsed_ms=141
000400 +0000044779ms INFO  http: request end method=POST url=https://games.geforce.com/graphql status=200 response_bytes=316504 elapsed_ms=1535
000401 +0000044883ms INFO  catalog: page fetched page=28 items=120 accumulated=3360 total=5958 has_next=1 cursor_advanced=1
000402 +0000044889ms INFO  http: request begin method=POST url=https://games.geforce.com/graphql request_bytes=728 headers=16
000403 +0000044893ms INFO  tls: connect begin host=games.geforce.com port=443 ca=game:\cacert.pem
000404 +0000044895ms INFO  socket: preflight mode=XNet bypass-security plus DashLaunch sockpatch
000405 +0000044907ms INFO  dns: lookup complete host=games.geforce.com status=0 addresses=4 elapsed_ms=10
000406 +0000044909ms INFO  socket: resolved endpoint host=games.geforce.com ipv4=13.225.196.29 port=443 raw=0x0de1c41d
000407 +0000044911ms DEBUG socket: probe attempt=1 strategy=5801-only create=0x1a525000 wsa=0
000408 +0000044918ms INFO  socket: probe result strategy=5801-only opt5802=0/0 opt5801=0/0 connect=0/0 elapsed_ms=25
000409 +0000044920ms DEBUG tls: CA load begin path=game:\cacert.pem
000410 +0000044964ms INFO  tls: CA load complete path=game:\cacert.pem bytes=188900 skipped_certificates=59
000411 +0000044966ms INFO  tls: handshake begin host=games.geforce.com
000412 +0000045026ms INFO  tls: connect complete host=games.geforce.com port=443 spins=0 elapsed_ms=133
000413 +0000046796ms INFO  http: request end method=POST url=https://games.geforce.com/graphql status=200 response_bytes=351333 elapsed_ms=1907
000414 +0000046902ms INFO  catalog: page fetched page=29 items=120 accumulated=3480 total=5958 has_next=1 cursor_advanced=1
000415 +0000046908ms INFO  http: request begin method=POST url=https://games.geforce.com/graphql request_bytes=728 headers=16
000416 +0000046910ms INFO  tls: connect begin host=games.geforce.com port=443 ca=game:\cacert.pem
000417 +0000046912ms INFO  socket: preflight mode=XNet bypass-security plus DashLaunch sockpatch
000418 +0000046924ms INFO  dns: lookup complete host=games.geforce.com status=0 addresses=4 elapsed_ms=10
000419 +0000046927ms INFO  socket: resolved endpoint host=games.geforce.com ipv4=13.225.196.118 port=443 raw=0x0de1c476
000420 +0000046929ms DEBUG socket: probe attempt=1 strategy=5801-only create=0x1a526000 wsa=0
000421 +0000046937ms INFO  socket: probe result strategy=5801-only opt5802=0/0 opt5801=0/0 connect=0/0 elapsed_ms=27
000422 +0000046939ms DEBUG tls: CA load begin path=game:\cacert.pem
000423 +0000046982ms INFO  tls: CA load complete path=game:\cacert.pem bytes=188900 skipped_certificates=59
000424 +0000046984ms INFO  tls: handshake begin host=games.geforce.com
000425 +0000047036ms INFO  tls: connect complete host=games.geforce.com port=443 spins=0 elapsed_ms=126
000426 +0000048333ms INFO  http: request end method=POST url=https://games.geforce.com/graphql status=200 response_bytes=337227 elapsed_ms=1425
000427 +0000048467ms INFO  catalog: page fetched page=30 items=120 accumulated=3600 total=5958 has_next=1 cursor_advanced=1
000428 +0000048474ms INFO  http: request begin method=POST url=https://games.geforce.com/graphql request_bytes=728 headers=16
000429 +0000048476ms INFO  tls: connect begin host=games.geforce.com port=443 ca=game:\cacert.pem
000430 +0000048478ms INFO  socket: preflight mode=XNet bypass-security plus DashLaunch sockpatch
000431 +0000048485ms INFO  dns: lookup complete host=games.geforce.com status=0 addresses=4 elapsed_ms=5
000432 +0000048487ms INFO  socket: resolved endpoint host=games.geforce.com ipv4=13.225.196.30 port=443 raw=0x0de1c41e
000433 +0000048489ms DEBUG socket: probe attempt=1 strategy=5801-only create=0x1a527000 wsa=0
000434 +0000048498ms INFO  socket: probe result strategy=5801-only opt5802=0/0 opt5801=0/0 connect=0/0 elapsed_ms=22
000435 +0000048500ms DEBUG tls: CA load begin path=game:\cacert.pem
000436 +0000048542ms INFO  tls: CA load complete path=game:\cacert.pem bytes=188900 skipped_certificates=59
000437 +0000048548ms INFO  tls: handshake begin host=games.geforce.com
000438 +0000048610ms INFO  tls: connect complete host=games.geforce.com port=443 spins=0 elapsed_ms=134
000439 +0000049833ms INFO  http: request end method=POST url=https://games.geforce.com/graphql status=200 response_bytes=332441 elapsed_ms=1359
000440 +0000049937ms INFO  catalog: page fetched page=31 items=120 accumulated=3720 total=5958 has_next=1 cursor_advanced=1
000441 +0000049985ms INFO  http: request begin method=POST url=https://games.geforce.com/graphql request_bytes=728 headers=16
000442 +0000049987ms INFO  tls: connect begin host=games.geforce.com port=443 ca=game:\cacert.pem
000443 +0000049989ms INFO  socket: preflight mode=XNet bypass-security plus DashLaunch sockpatch
000444 +0000049999ms INFO  dns: lookup complete host=games.geforce.com status=0 addresses=4 elapsed_ms=8
000445 +0000050001ms INFO  socket: resolved endpoint host=games.geforce.com ipv4=13.225.196.27 port=443 raw=0x0de1c41b
000446 +0000050003ms DEBUG socket: probe attempt=1 strategy=5801-only create=0x1a528000 wsa=0
000447 +0000050011ms INFO  socket: probe result strategy=5801-only opt5802=0/0 opt5801=0/0 connect=0/0 elapsed_ms=24
000448 +0000050013ms DEBUG tls: CA load begin path=game:\cacert.pem
000449 +0000050057ms INFO  tls: CA load complete path=game:\cacert.pem bytes=188900 skipped_certificates=59
000450 +0000050067ms INFO  tls: handshake begin host=games.geforce.com
000451 +0000050119ms INFO  tls: connect complete host=games.geforce.com port=443 spins=0 elapsed_ms=132
000452 +0000051999ms INFO  http: request end method=POST url=https://games.geforce.com/graphql status=200 response_bytes=334272 elapsed_ms=2014
000453 +0000052106ms INFO  catalog: page fetched page=32 items=120 accumulated=3840 total=5958 has_next=1 cursor_advanced=1
000454 +0000052157ms INFO  http: request begin method=POST url=https://games.geforce.com/graphql request_bytes=728 headers=16
000455 +0000052159ms INFO  tls: connect begin host=games.geforce.com port=443 ca=game:\cacert.pem
000456 +0000052161ms INFO  socket: preflight mode=XNet bypass-security plus DashLaunch sockpatch
000457 +0000052169ms INFO  dns: lookup complete host=games.geforce.com status=0 addresses=4 elapsed_ms=6
000458 +0000052171ms INFO  socket: resolved endpoint host=games.geforce.com ipv4=13.225.196.29 port=443 raw=0x0de1c41d
000459 +0000052173ms DEBUG socket: probe attempt=1 strategy=5801-only create=0x1a529000 wsa=0
000460 +0000052192ms INFO  socket: probe result strategy=5801-only opt5802=0/0 opt5801=0/0 connect=0/0 elapsed_ms=33
000461 +0000052193ms DEBUG tls: CA load begin path=game:\cacert.pem
000462 +0000052235ms INFO  tls: CA load complete path=game:\cacert.pem bytes=188900 skipped_certificates=59
000463 +0000052237ms INFO  tls: handshake begin host=games.geforce.com
000464 +0000052320ms INFO  tls: connect complete host=games.geforce.com port=443 spins=0 elapsed_ms=161
000465 +0000053537ms INFO  http: request end method=POST url=https://games.geforce.com/graphql status=200 response_bytes=334352 elapsed_ms=1380
000466 +0000053645ms INFO  catalog: page fetched page=33 items=120 accumulated=3960 total=5958 has_next=1 cursor_advanced=1
000467 +0000053651ms INFO  http: request begin method=POST url=https://games.geforce.com/graphql request_bytes=728 headers=16
000468 +0000053654ms INFO  tls: connect begin host=games.geforce.com port=443 ca=game:\cacert.pem
000469 +0000053656ms INFO  socket: preflight mode=XNet bypass-security plus DashLaunch sockpatch
000470 +0000053664ms INFO  dns: lookup complete host=games.geforce.com status=0 addresses=4 elapsed_ms=6
000471 +0000053666ms INFO  socket: resolved endpoint host=games.geforce.com ipv4=13.225.196.118 port=443 raw=0x0de1c476
000472 +0000053668ms DEBUG socket: probe attempt=1 strategy=5801-only create=0x1a52a000 wsa=0
000473 +0000053677ms INFO  socket: probe result strategy=5801-only opt5802=0/0 opt5801=0/0 connect=0/0 elapsed_ms=23
000474 +0000053679ms DEBUG tls: CA load begin path=game:\cacert.pem
000475 +0000053721ms INFO  tls: CA load complete path=game:\cacert.pem bytes=188900 skipped_certificates=59
000476 +0000053723ms INFO  tls: handshake begin host=games.geforce.com
000477 +0000053774ms INFO  tls: connect complete host=games.geforce.com port=443 spins=0 elapsed_ms=120
000478 +0000055003ms INFO  http: request end method=POST url=https://games.geforce.com/graphql status=200 response_bytes=333608 elapsed_ms=1352
000479 +0000055108ms INFO  catalog: page fetched page=34 items=120 accumulated=4080 total=5958 has_next=1 cursor_advanced=1
000480 +0000055115ms INFO  http: request begin method=POST url=https://games.geforce.com/graphql request_bytes=728 headers=16
000481 +0000055117ms INFO  tls: connect begin host=games.geforce.com port=443 ca=game:\cacert.pem
000482 +0000055119ms INFO  socket: preflight mode=XNet bypass-security plus DashLaunch sockpatch
000483 +0000055131ms INFO  dns: lookup complete host=games.geforce.com status=0 addresses=4 elapsed_ms=10
000484 +0000055135ms INFO  socket: resolved endpoint host=games.geforce.com ipv4=13.225.196.30 port=443 raw=0x0de1c41e
000485 +0000055138ms DEBUG socket: probe attempt=1 strategy=5801-only create=0x1a52b000 wsa=0
000486 +0000055145ms INFO  socket: probe result strategy=5801-only opt5802=0/0 opt5801=0/0 connect=0/0 elapsed_ms=28
000487 +0000055147ms DEBUG tls: CA load begin path=game:\cacert.pem
000488 +0000055190ms INFO  tls: CA load complete path=game:\cacert.pem bytes=188900 skipped_certificates=59
000489 +0000055192ms INFO  tls: handshake begin host=games.geforce.com
000490 +0000055246ms INFO  tls: connect complete host=games.geforce.com port=443 spins=0 elapsed_ms=129
000491 +0000056825ms INFO  http: request end method=POST url=https://games.geforce.com/graphql status=200 response_bytes=352150 elapsed_ms=1710
000492 +0000056938ms INFO  catalog: page fetched page=35 items=120 accumulated=4200 total=5958 has_next=1 cursor_advanced=1
000493 +0000056944ms INFO  http: request begin method=POST url=https://games.geforce.com/graphql request_bytes=728 headers=16
000494 +0000056946ms INFO  tls: connect begin host=games.geforce.com port=443 ca=game:\cacert.pem
000495 +0000056948ms INFO  socket: preflight mode=XNet bypass-security plus DashLaunch sockpatch
000496 +0000056958ms INFO  dns: lookup complete host=games.geforce.com status=0 addresses=4 elapsed_ms=8
000497 +0000056960ms INFO  socket: resolved endpoint host=games.geforce.com ipv4=13.225.196.27 port=443 raw=0x0de1c41b
000498 +0000056962ms DEBUG socket: probe attempt=1 strategy=5801-only create=0x1a52c000 wsa=0
000499 +0000056969ms INFO  socket: probe result strategy=5801-only opt5802=0/0 opt5801=0/0 connect=0/0 elapsed_ms=23
000500 +0000056971ms DEBUG tls: CA load begin path=game:\cacert.pem
000501 +0000057012ms INFO  tls: CA load complete path=game:\cacert.pem bytes=188900 skipped_certificates=59
000502 +0000057014ms INFO  tls: handshake begin host=games.geforce.com
000503 +0000057063ms INFO  tls: connect complete host=games.geforce.com port=443 spins=0 elapsed_ms=117
000504 +0000058383ms INFO  http: request end method=POST url=https://games.geforce.com/graphql status=200 response_bytes=357604 elapsed_ms=1439
000505 +0000058498ms INFO  catalog: page fetched page=36 items=120 accumulated=4320 total=5958 has_next=1 cursor_advanced=1
000506 +0000058504ms INFO  http: request begin method=POST url=https://games.geforce.com/graphql request_bytes=728 headers=16
000507 +0000058507ms INFO  tls: connect begin host=games.geforce.com port=443 ca=game:\cacert.pem
000508 +0000058509ms INFO  socket: preflight mode=XNet bypass-security plus DashLaunch sockpatch
000509 +0000058747ms INFO  dns: lookup complete host=games.geforce.com status=0 addresses=4 elapsed_ms=236
000510 +0000058749ms INFO  socket: resolved endpoint host=games.geforce.com ipv4=13.225.196.29 port=443 raw=0x0de1c41d
000511 +0000058751ms DEBUG socket: probe attempt=1 strategy=5801-only create=0x1a52d000 wsa=0
000512 +0000058757ms INFO  socket: probe result strategy=5801-only opt5802=0/0 opt5801=0/0 connect=0/0 elapsed_ms=250
000513 +0000058759ms DEBUG tls: CA load begin path=game:\cacert.pem
000514 +0000058802ms INFO  tls: CA load complete path=game:\cacert.pem bytes=188900 skipped_certificates=59
000515 +0000058804ms INFO  tls: handshake begin host=games.geforce.com
000516 +0000059046ms INFO  tls: connect complete host=games.geforce.com port=443 spins=0 elapsed_ms=539
000517 +0000060209ms INFO  http: request end method=POST url=https://games.geforce.com/graphql status=200 response_bytes=354282 elapsed_ms=1705
000518 +0000060322ms INFO  catalog: page fetched page=37 items=120 accumulated=4440 total=5958 has_next=1 cursor_advanced=1
000519 +0000060328ms INFO  http: request begin method=POST url=https://games.geforce.com/graphql request_bytes=728 headers=16
000520 +0000060330ms INFO  tls: connect begin host=games.geforce.com port=443 ca=game:\cacert.pem
000521 +0000060333ms INFO  socket: preflight mode=XNet bypass-security plus DashLaunch sockpatch
000522 +0000060341ms INFO  dns: lookup complete host=games.geforce.com status=0 addresses=4 elapsed_ms=6
000523 +0000060343ms INFO  socket: resolved endpoint host=games.geforce.com ipv4=13.225.196.30 port=443 raw=0x0de1c41e
000524 +0000060345ms DEBUG socket: probe attempt=1 strategy=5801-only create=0x1a52e000 wsa=0
000525 +0000060351ms INFO  socket: probe result strategy=5801-only opt5802=0/0 opt5801=0/0 connect=0/0 elapsed_ms=21
000526 +0000060352ms DEBUG tls: CA load begin path=game:\cacert.pem
000527 +0000060395ms INFO  tls: CA load complete path=game:\cacert.pem bytes=188900 skipped_certificates=59
000528 +0000060397ms INFO  tls: handshake begin host=games.geforce.com
000529 +0000060450ms INFO  tls: connect complete host=games.geforce.com port=443 spins=0 elapsed_ms=120
000530 +0000062159ms INFO  http: request end method=POST url=https://games.geforce.com/graphql status=200 response_bytes=326140 elapsed_ms=1831
000531 +0000062266ms INFO  catalog: page fetched page=38 items=120 accumulated=4560 total=5958 has_next=1 cursor_advanced=1
000532 +0000062272ms INFO  http: request begin method=POST url=https://games.geforce.com/graphql request_bytes=728 headers=16
000533 +0000062274ms INFO  tls: connect begin host=games.geforce.com port=443 ca=game:\cacert.pem
000534 +0000062276ms INFO  socket: preflight mode=XNet bypass-security plus DashLaunch sockpatch
000535 +0000062287ms INFO  dns: lookup complete host=games.geforce.com status=0 addresses=4 elapsed_ms=9
000536 +0000062289ms INFO  socket: resolved endpoint host=games.geforce.com ipv4=13.225.196.29 port=443 raw=0x0de1c41d
000537 +0000062291ms DEBUG socket: probe attempt=1 strategy=5801-only create=0x1a52f000 wsa=0
000538 +0000062297ms INFO  socket: probe result strategy=5801-only opt5802=0/0 opt5801=0/0 connect=0/0 elapsed_ms=23
000539 +0000062299ms DEBUG tls: CA load begin path=game:\cacert.pem
000540 +0000062342ms INFO  tls: CA load complete path=game:\cacert.pem bytes=188900 skipped_certificates=59
000541 +0000062344ms INFO  tls: handshake begin host=games.geforce.com
000542 +0000062393ms INFO  tls: connect complete host=games.geforce.com port=443 spins=0 elapsed_ms=119
000543 +0000063310ms INFO  http: request end method=POST url=https://games.geforce.com/graphql status=200 response_bytes=345014 elapsed_ms=1038
000544 +0000063422ms INFO  catalog: page fetched page=39 items=120 accumulated=4680 total=5958 has_next=1 cursor_advanced=1
000545 +0000063428ms INFO  http: request begin method=POST url=https://games.geforce.com/graphql request_bytes=728 headers=16
000546 +0000063430ms INFO  tls: connect begin host=games.geforce.com port=443 ca=game:\cacert.pem
000547 +0000063432ms INFO  socket: preflight mode=XNet bypass-security plus DashLaunch sockpatch
000548 +0000063440ms INFO  dns: lookup complete host=games.geforce.com status=0 addresses=4 elapsed_ms=6
000549 +0000063442ms INFO  socket: resolved endpoint host=games.geforce.com ipv4=13.225.196.118 port=443 raw=0x0de1c476
000550 +0000063444ms DEBUG socket: probe attempt=1 strategy=5801-only create=0x1a530000 wsa=0
000551 +0000063458ms INFO  socket: probe result strategy=5801-only opt5802=0/0 opt5801=0/0 connect=0/0 elapsed_ms=28
000552 +0000063460ms DEBUG tls: CA load begin path=game:\cacert.pem
000553 +0000063501ms INFO  tls: CA load complete path=game:\cacert.pem bytes=188900 skipped_certificates=59
000554 +0000063503ms INFO  tls: handshake begin host=games.geforce.com
000555 +0000063567ms INFO  tls: connect complete host=games.geforce.com port=443 spins=0 elapsed_ms=137
000556 +0000064836ms INFO  http: request end method=POST url=https://games.geforce.com/graphql status=200 response_bytes=368117 elapsed_ms=1408
000557 +0000064951ms INFO  catalog: page fetched page=40 items=120 accumulated=4800 total=5958 has_next=1 cursor_advanced=1
000558 +0000064958ms INFO  http: request begin method=POST url=https://games.geforce.com/graphql request_bytes=728 headers=16
000559 +0000064960ms INFO  tls: connect begin host=games.geforce.com port=443 ca=game:\cacert.pem
000560 +0000064962ms INFO  socket: preflight mode=XNet bypass-security plus DashLaunch sockpatch
000561 +0000064970ms INFO  dns: lookup complete host=games.geforce.com status=0 addresses=4 elapsed_ms=6
000562 +0000064972ms INFO  socket: resolved endpoint host=games.geforce.com ipv4=13.225.196.27 port=443 raw=0x0de1c41b
000563 +0000064974ms DEBUG socket: probe attempt=1 strategy=5801-only create=0x1a531000 wsa=0
000564 +0000064981ms INFO  socket: probe result strategy=5801-only opt5802=0/0 opt5801=0/0 connect=0/0 elapsed_ms=21
000565 +0000064984ms DEBUG tls: CA load begin path=game:\cacert.pem
000566 +0000065026ms INFO  tls: CA load complete path=game:\cacert.pem bytes=188900 skipped_certificates=59
000567 +0000065028ms INFO  tls: handshake begin host=games.geforce.com
000568 +0000065086ms INFO  tls: connect complete host=games.geforce.com port=443 spins=0 elapsed_ms=126
000569 +0000067063ms INFO  http: request end method=POST url=https://games.geforce.com/graphql status=200 response_bytes=327380 elapsed_ms=2106
000570 +0000067171ms INFO  catalog: page fetched page=41 items=120 accumulated=4920 total=5958 has_next=1 cursor_advanced=1
000571 +0000067177ms INFO  http: request begin method=POST url=https://games.geforce.com/graphql request_bytes=728 headers=16
000572 +0000067179ms INFO  tls: connect begin host=games.geforce.com port=443 ca=game:\cacert.pem
000573 +0000067181ms INFO  socket: preflight mode=XNet bypass-security plus DashLaunch sockpatch
000574 +0000067260ms INFO  dns: lookup complete host=games.geforce.com status=0 addresses=4 elapsed_ms=9
000575 +0000067262ms INFO  socket: resolved endpoint host=games.geforce.com ipv4=13.225.196.30 port=443 raw=0x0de1c41e
000576 +0000067263ms DEBUG socket: probe attempt=1 strategy=5801-only create=0x1a532000 wsa=0
000577 +0000067269ms INFO  socket: probe result strategy=5801-only opt5802=0/0 opt5801=0/0 connect=0/0 elapsed_ms=90
000578 +0000067270ms DEBUG tls: CA load begin path=game:\cacert.pem
000579 +0000067303ms INFO  tls: CA load complete path=game:\cacert.pem bytes=188900 skipped_certificates=59
000580 +0000067305ms INFO  tls: handshake begin host=games.geforce.com
000581 +0000067349ms INFO  tls: connect complete host=games.geforce.com port=443 spins=0 elapsed_ms=170
000582 +0000068379ms INFO  http: request end method=POST url=https://games.geforce.com/graphql status=200 response_bytes=338128 elapsed_ms=1202
000583 +0000068493ms INFO  catalog: page fetched page=42 items=120 accumulated=5040 total=5958 has_next=1 cursor_advanced=1
000584 +0000068499ms INFO  http: request begin method=POST url=https://games.geforce.com/graphql request_bytes=728 headers=16
000585 +0000068501ms INFO  tls: connect begin host=games.geforce.com port=443 ca=game:\cacert.pem
000586 +0000068504ms INFO  socket: preflight mode=XNet bypass-security plus DashLaunch sockpatch
000587 +0000068514ms INFO  dns: lookup complete host=games.geforce.com status=0 addresses=4 elapsed_ms=8
000588 +0000068516ms INFO  socket: resolved endpoint host=games.geforce.com ipv4=13.225.196.29 port=443 raw=0x0de1c41d
000589 +0000068518ms DEBUG socket: probe attempt=1 strategy=5801-only create=0x1a533000 wsa=0
000590 +0000068525ms INFO  socket: probe result strategy=5801-only opt5802=0/0 opt5801=0/0 connect=0/0 elapsed_ms=24
000591 +0000068527ms DEBUG tls: CA load begin path=game:\cacert.pem
000592 +0000068569ms INFO  tls: CA load complete path=game:\cacert.pem bytes=188900 skipped_certificates=59
000593 +0000068571ms INFO  tls: handshake begin host=games.geforce.com
000594 +0000068619ms INFO  tls: connect complete host=games.geforce.com port=443 spins=0 elapsed_ms=118
000595 +0000069460ms INFO  http: request end method=POST url=https://games.geforce.com/graphql status=200 response_bytes=348936 elapsed_ms=961
000596 +0000069570ms INFO  catalog: page fetched page=43 items=120 accumulated=5160 total=5958 has_next=1 cursor_advanced=1
000597 +0000069576ms INFO  http: request begin method=POST url=https://games.geforce.com/graphql request_bytes=728 headers=16
000598 +0000069578ms INFO  tls: connect begin host=games.geforce.com port=443 ca=game:\cacert.pem
000599 +0000069580ms INFO  socket: preflight mode=XNet bypass-security plus DashLaunch sockpatch
000600 +0000069586ms INFO  dns: lookup complete host=games.geforce.com status=0 addresses=4 elapsed_ms=4
000601 +0000069588ms INFO  socket: resolved endpoint host=games.geforce.com ipv4=13.225.196.118 port=443 raw=0x0de1c476
000602 +0000069590ms DEBUG socket: probe attempt=1 strategy=5801-only create=0x1a534000 wsa=0
000603 +0000069617ms INFO  socket: probe result strategy=5801-only opt5802=0/0 opt5801=0/0 connect=0/0 elapsed_ms=39
000604 +0000069619ms DEBUG tls: CA load begin path=game:\cacert.pem
000605 +0000069662ms INFO  tls: CA load complete path=game:\cacert.pem bytes=188900 skipped_certificates=59
000606 +0000069664ms INFO  tls: handshake begin host=games.geforce.com
000607 +0000069751ms INFO  tls: connect complete host=games.geforce.com port=443 spins=0 elapsed_ms=173
000608 +0000070887ms INFO  http: request end method=POST url=https://games.geforce.com/graphql status=200 response_bytes=334077 elapsed_ms=1311
000609 +0000070997ms INFO  catalog: page fetched page=44 items=120 accumulated=5280 total=5958 has_next=1 cursor_advanced=1
000610 +0000071003ms INFO  http: request begin method=POST url=https://games.geforce.com/graphql request_bytes=728 headers=16
000611 +0000071005ms INFO  tls: connect begin host=games.geforce.com port=443 ca=game:\cacert.pem
000612 +0000071007ms INFO  socket: preflight mode=XNet bypass-security plus DashLaunch sockpatch
000613 +0000071014ms INFO  dns: lookup complete host=games.geforce.com status=0 addresses=4 elapsed_ms=5
000614 +0000071016ms INFO  socket: resolved endpoint host=games.geforce.com ipv4=13.225.196.27 port=443 raw=0x0de1c41b
000615 +0000071018ms DEBUG socket: probe attempt=1 strategy=5801-only create=0x1a535000 wsa=0
000616 +0000071034ms INFO  socket: probe result strategy=5801-only opt5802=0/0 opt5801=0/0 connect=0/0 elapsed_ms=29
000617 +0000071036ms DEBUG tls: CA load begin path=game:\cacert.pem
000618 +0000071077ms INFO  tls: CA load complete path=game:\cacert.pem bytes=188900 skipped_certificates=59
000619 +0000071079ms INFO  tls: handshake begin host=games.geforce.com
000620 +0000071131ms INFO  tls: connect complete host=games.geforce.com port=443 spins=0 elapsed_ms=126
000621 +0000072212ms INFO  http: request end method=POST url=https://games.geforce.com/graphql status=200 response_bytes=316566 elapsed_ms=1209
000622 +0000072358ms INFO  catalog: page fetched page=45 items=120 accumulated=5400 total=5958 has_next=1 cursor_advanced=1
000623 +0000072366ms INFO  http: request begin method=POST url=https://games.geforce.com/graphql request_bytes=728 headers=16
000624 +0000072368ms INFO  tls: connect begin host=games.geforce.com port=443 ca=game:\cacert.pem
000625 +0000072370ms INFO  socket: preflight mode=XNet bypass-security plus DashLaunch sockpatch
000626 +0000072392ms INFO  dns: lookup complete host=games.geforce.com status=0 addresses=4 elapsed_ms=20
000627 +0000072394ms INFO  socket: resolved endpoint host=games.geforce.com ipv4=13.225.196.30 port=443 raw=0x0de1c41e
000628 +0000072396ms DEBUG socket: probe attempt=1 strategy=5801-only create=0x1a536000 wsa=0
000629 +0000072403ms INFO  socket: probe result strategy=5801-only opt5802=0/0 opt5801=0/0 connect=0/0 elapsed_ms=35
000630 +0000072406ms DEBUG tls: CA load begin path=game:\cacert.pem
000631 +0000072446ms INFO  tls: CA load complete path=game:\cacert.pem bytes=188900 skipped_certificates=59
000632 +0000072448ms INFO  tls: handshake begin host=games.geforce.com
000633 +0000072500ms INFO  tls: connect complete host=games.geforce.com port=443 spins=0 elapsed_ms=132
000634 +0000073415ms INFO  http: request end method=POST url=https://games.geforce.com/graphql status=200 response_bytes=345846 elapsed_ms=1049
000635 +0000073529ms INFO  catalog: page fetched page=46 items=120 accumulated=5520 total=5958 has_next=1 cursor_advanced=1
000636 +0000073535ms INFO  http: request begin method=POST url=https://games.geforce.com/graphql request_bytes=728 headers=16
000637 +0000073537ms INFO  tls: connect begin host=games.geforce.com port=443 ca=game:\cacert.pem
000638 +0000073539ms INFO  socket: preflight mode=XNet bypass-security plus DashLaunch sockpatch
000639 +0000073547ms INFO  dns: lookup complete host=games.geforce.com status=0 addresses=4 elapsed_ms=6
000640 +0000073550ms INFO  socket: resolved endpoint host=games.geforce.com ipv4=13.225.196.29 port=443 raw=0x0de1c41d
000641 +0000073553ms DEBUG socket: probe attempt=1 strategy=5801-only create=0x1a537000 wsa=0
000642 +0000073560ms INFO  socket: probe result strategy=5801-only opt5802=0/0 opt5801=0/0 connect=0/0 elapsed_ms=23
000643 +0000073562ms DEBUG tls: CA load begin path=game:\cacert.pem
000644 +0000073604ms INFO  tls: CA load complete path=game:\cacert.pem bytes=188900 skipped_certificates=59
000645 +0000073606ms INFO  tls: handshake begin host=games.geforce.com
000646 +0000073659ms INFO  tls: connect complete host=games.geforce.com port=443 spins=0 elapsed_ms=122
000647 +0000074780ms INFO  http: request end method=POST url=https://games.geforce.com/graphql status=200 response_bytes=317530 elapsed_ms=1245
000648 +0000074883ms INFO  catalog: page fetched page=47 items=120 accumulated=5640 total=5958 has_next=1 cursor_advanced=1
000649 +0000074889ms INFO  http: request begin method=POST url=https://games.geforce.com/graphql request_bytes=728 headers=16
000650 +0000074891ms INFO  tls: connect begin host=games.geforce.com port=443 ca=game:\cacert.pem
000651 +0000074893ms INFO  socket: preflight mode=XNet bypass-security plus DashLaunch sockpatch
000652 +0000074902ms INFO  dns: lookup complete host=games.geforce.com status=0 addresses=4 elapsed_ms=7
000653 +0000074904ms INFO  socket: resolved endpoint host=games.geforce.com ipv4=13.225.196.118 port=443 raw=0x0de1c476
000654 +0000074907ms DEBUG socket: probe attempt=1 strategy=5801-only create=0x1a538000 wsa=0
000655 +0000074914ms INFO  socket: probe result strategy=5801-only opt5802=0/0 opt5801=0/0 connect=0/0 elapsed_ms=23
000656 +0000074916ms DEBUG tls: CA load begin path=game:\cacert.pem
000657 +0000074959ms INFO  tls: CA load complete path=game:\cacert.pem bytes=188900 skipped_certificates=59
000658 +0000074961ms INFO  tls: handshake begin host=games.geforce.com
000659 +0000075031ms INFO  tls: connect complete host=games.geforce.com port=443 spins=0 elapsed_ms=140
000660 +0000076519ms INFO  http: request end method=POST url=https://games.geforce.com/graphql status=200 response_bytes=359754 elapsed_ms=1630
000661 +0000076636ms INFO  catalog: page fetched page=48 items=120 accumulated=5760 total=5958 has_next=1 cursor_advanced=1
000662 +0000076642ms INFO  http: request begin method=POST url=https://games.geforce.com/graphql request_bytes=728 headers=16
000663 +0000076644ms INFO  tls: connect begin host=games.geforce.com port=443 ca=game:\cacert.pem
000664 +0000076646ms INFO  socket: preflight mode=XNet bypass-security plus DashLaunch sockpatch
000665 +0000076654ms INFO  dns: lookup complete host=games.geforce.com status=0 addresses=4 elapsed_ms=6
000666 +0000076656ms INFO  socket: resolved endpoint host=games.geforce.com ipv4=13.225.196.27 port=443 raw=0x0de1c41b
000667 +0000076658ms DEBUG socket: probe attempt=1 strategy=5801-only create=0x1a539000 wsa=0
000668 +0000076664ms INFO  socket: probe result strategy=5801-only opt5802=0/0 opt5801=0/0 connect=0/0 elapsed_ms=20
000669 +0000076667ms DEBUG tls: CA load begin path=game:\cacert.pem
000670 +0000076709ms INFO  tls: CA load complete path=game:\cacert.pem bytes=188900 skipped_certificates=59
000671 +0000076711ms INFO  tls: handshake begin host=games.geforce.com
000672 +0000076771ms INFO  tls: connect complete host=games.geforce.com port=443 spins=0 elapsed_ms=127
000673 +0000077953ms INFO  http: request end method=POST url=https://games.geforce.com/graphql status=200 response_bytes=328296 elapsed_ms=1311
000674 +0000078059ms INFO  catalog: page fetched page=49 items=120 accumulated=5880 total=5958 has_next=1 cursor_advanced=1
000675 +0000078065ms INFO  http: request begin method=POST url=https://games.geforce.com/graphql request_bytes=728 headers=16
000676 +0000078067ms INFO  tls: connect begin host=games.geforce.com port=443 ca=game:\cacert.pem
000677 +0000078069ms INFO  socket: preflight mode=XNet bypass-security plus DashLaunch sockpatch
000678 +0000078076ms INFO  dns: lookup complete host=games.geforce.com status=0 addresses=4 elapsed_ms=5
000679 +0000078078ms INFO  socket: resolved endpoint host=games.geforce.com ipv4=13.225.196.30 port=443 raw=0x0de1c41e
000680 +0000078080ms DEBUG socket: probe attempt=1 strategy=5801-only create=0x1a53a000 wsa=0
000681 +0000078087ms INFO  socket: probe result strategy=5801-only opt5802=0/0 opt5801=0/0 connect=0/0 elapsed_ms=20
000682 +0000078089ms DEBUG tls: CA load begin path=game:\cacert.pem
000683 +0000078131ms INFO  tls: CA load complete path=game:\cacert.pem bytes=188900 skipped_certificates=59
000684 +0000078133ms INFO  tls: handshake begin host=games.geforce.com
000685 +0000078182ms INFO  tls: connect complete host=games.geforce.com port=443 spins=0 elapsed_ms=115
000686 +0000079243ms INFO  http: request end method=POST url=https://games.geforce.com/graphql status=200 response_bytes=239862 elapsed_ms=1178
000687 +0000079342ms INFO  catalog: page fetched page=50 items=78 accumulated=5958 total=5958 has_next=0 cursor_advanced=1
000688 +0000079602ms INFO  catalog: catalog tabs prepared all=5958 library=14
000689 +0000086458ms INFO  catalog: tab changed tab=library
000690 +0000091007ms INFO  catalog: tab changed tab=all
000691 +0000095145ms INFO  catalog: tab changed tab=library
000692 +0000096184ms INFO  catalog: tab changed tab=all
000693 +0000097398ms INFO  catalog: tab changed tab=library
000694 +0000110315ms INFO  catalog: selected title=Fortnite® store=EPIC app_id_length=9
000695 +0000110587ms INFO  session: starting CloudMatch resolution=1280x720 fps=60 bitrate_kbps=12000
000696 +0000110652ms INFO  http: request begin method=POST url=https://prod.cloudmatchbeta.nvidiagrid.net/v2/nettestsession request_bytes=137 headers=16
000697 +0000110653ms INFO  tls: connect begin host=prod.cloudmatchbeta.nvidiagrid.net port=443 ca=game:\cacert.pem
000698 +0000110656ms INFO  socket: preflight mode=XNet bypass-security plus DashLaunch sockpatch
000699 +0000110706ms INFO  dns: lookup complete host=prod.cloudmatchbeta.nvidiagrid.net status=0 addresses=4 elapsed_ms=48
000700 +0000110708ms INFO  socket: resolved endpoint host=prod.cloudmatchbeta.nvidiagrid.net ipv4=66.22.152.36 port=443 raw=0x42169824
000701 +0000110711ms DEBUG socket: probe attempt=1 strategy=5801-only create=0x1a53b000 wsa=0
000702 +0000110733ms INFO  socket: probe result strategy=5801-only opt5802=0/0 opt5801=0/0 connect=0/0 elapsed_ms=80
000703 +0000110736ms DEBUG tls: CA load begin path=game:\cacert.pem
000704 +0000110779ms INFO  tls: CA load complete path=game:\cacert.pem bytes=188900 skipped_certificates=59
000705 +0000110781ms INFO  tls: handshake begin host=prod.cloudmatchbeta.nvidiagrid.net
000706 +0000110852ms INFO  tls: connect complete host=prod.cloudmatchbeta.nvidiagrid.net port=443 spins=0 elapsed_ms=199
000707 +0000110925ms INFO  http: request end method=POST url=https://prod.cloudmatchbeta.nvidiagrid.net/v2/nettestsession status=200 response_bytes=1606 elapsed_ms=273
000708 +0000110927ms INFO  session: network test HTTP=200 id_present=1
000709 +0000110929ms INFO  http: request begin method=POST url=https://prod.cloudmatchbeta.nvidiagrid.net/v2/session request_bytes=1533 headers=16
000710 +0000110931ms INFO  tls: connect begin host=prod.cloudmatchbeta.nvidiagrid.net port=443 ca=game:\cacert.pem
000711 +0000110933ms INFO  socket: preflight mode=XNet bypass-security plus DashLaunch sockpatch
000712 +0000110944ms INFO  dns: lookup complete host=prod.cloudmatchbeta.nvidiagrid.net status=0 addresses=4 elapsed_ms=8
000713 +0000110946ms INFO  socket: resolved endpoint host=prod.cloudmatchbeta.nvidiagrid.net ipv4=66.22.152.37 port=443 raw=0x42169825
000714 +0000110948ms DEBUG socket: probe attempt=1 strategy=5801-only create=0x1a53c000 wsa=0
000715 +0000110968ms INFO  socket: probe result strategy=5801-only opt5802=0/0 opt5801=0/0 connect=0/0 elapsed_ms=37
000716 +0000110970ms DEBUG tls: CA load begin path=game:\cacert.pem
000717 +0000111013ms INFO  tls: CA load complete path=game:\cacert.pem bytes=188900 skipped_certificates=59
000718 +0000111016ms INFO  tls: handshake begin host=prod.cloudmatchbeta.nvidiagrid.net
000719 +0000111094ms INFO  tls: connect complete host=prod.cloudmatchbeta.nvidiagrid.net port=443 spins=0 elapsed_ms=163
000720 +0000111777ms INFO  http: request end method=POST url=https://prod.cloudmatchbeta.nvidiagrid.net/v2/session status=200 response_bytes=4187 elapsed_ms=848
000721 +0000111838ms INFO  session: start response HTTP=200 api_status=1 patching=0 description=SUCCESS_STATUS
000722 +0000111842ms INFO  session: CloudMatch session created id_length=36 status=1
000723 +0000111895ms INFO  session: poll status=1 queue=0 patching=0 signaling=0 media=0 elapsed_s=0
000724 +0000116911ms INFO  http: request begin method=GET url=https://prod.cloudmatchbeta.nvidiagrid.net/v2/session/<redacted> request_bytes=0 headers=15
000725 +0000116967ms INFO  tls: connect begin host=prod.cloudmatchbeta.nvidiagrid.net port=443 ca=game:\cacert.pem
000726 +0000116969ms INFO  socket: preflight mode=XNet bypass-security plus DashLaunch sockpatch
000727 +0000116977ms INFO  dns: lookup complete host=prod.cloudmatchbeta.nvidiagrid.net status=0 addresses=4 elapsed_ms=6
000728 +0000116979ms INFO  socket: resolved endpoint host=prod.cloudmatchbeta.nvidiagrid.net ipv4=66.22.152.36 port=443 raw=0x42169824
000729 +0000116981ms DEBUG socket: probe attempt=1 strategy=5801-only create=0x1a53d000 wsa=0
000730 +0000116999ms INFO  socket: probe result strategy=5801-only opt5802=0/0 opt5801=0/0 connect=0/0 elapsed_ms=32
000731 +0000117002ms DEBUG tls: CA load begin path=game:\cacert.pem
000732 +0000117044ms INFO  tls: CA load complete path=game:\cacert.pem bytes=188900 skipped_certificates=59
000733 +0000117046ms INFO  tls: handshake begin host=prod.cloudmatchbeta.nvidiagrid.net
000734 +0000117110ms INFO  tls: connect complete host=prod.cloudmatchbeta.nvidiagrid.net port=443 spins=0 elapsed_ms=143
000735 +0000117157ms INFO  http: request end method=GET url=https://prod.cloudmatchbeta.nvidiagrid.net/v2/session/<redacted> status=200 response_bytes=2326 elapsed_ms=246
000736 +0000117200ms INFO  session: poll status=1 queue=0 patching=0 signaling=1 media=1 elapsed_s=5
000737 +0000122217ms INFO  http: request begin method=GET url=https://prod.cloudmatchbeta.nvidiagrid.net/v2/session/<redacted> request_bytes=0 headers=15
000738 +0000122272ms INFO  tls: connect begin host=prod.cloudmatchbeta.nvidiagrid.net port=443 ca=game:\cacert.pem
000739 +0000122274ms INFO  socket: preflight mode=XNet bypass-security plus DashLaunch sockpatch
000740 +0000122283ms INFO  dns: lookup complete host=prod.cloudmatchbeta.nvidiagrid.net status=0 addresses=4 elapsed_ms=7
000741 +0000122285ms INFO  socket: resolved endpoint host=prod.cloudmatchbeta.nvidiagrid.net ipv4=66.22.152.39 port=443 raw=0x42169827
000742 +0000122287ms DEBUG socket: probe attempt=1 strategy=5801-only create=0x1a53e000 wsa=0
000743 +0000122308ms INFO  socket: probe result strategy=5801-only opt5802=0/0 opt5801=0/0 connect=0/0 elapsed_ms=36
000744 +0000122310ms DEBUG tls: CA load begin path=game:\cacert.pem
000745 +0000122353ms INFO  tls: CA load complete path=game:\cacert.pem bytes=188900 skipped_certificates=59
000746 +0000122357ms INFO  tls: handshake begin host=prod.cloudmatchbeta.nvidiagrid.net
000747 +0000122426ms INFO  tls: connect complete host=prod.cloudmatchbeta.nvidiagrid.net port=443 spins=0 elapsed_ms=154
000748 +0000122468ms INFO  http: request end method=GET url=https://prod.cloudmatchbeta.nvidiagrid.net/v2/session/<redacted> status=200 response_bytes=2720 elapsed_ms=251
000749 +0000122474ms INFO  session: starting WebRTC signaling_url_length=59 media_host_length=43 media_port=48322 ice_servers=0
000750 +0000122478ms INFO  webrtc: start begin target=1280x720 fps=60 ice_servers=0
000751 +0000122481ms INFO  video-decode: FFmpeg H.264 decoder registered explicitly
000752 +0000122483ms INFO  video-decode: FFmpeg H.264 open begin version=54 target=1280x720 fps=60
000753 +0000122485ms DEBUG video-decode: context allocation returned ptr=401AF970
000754 +0000122487ms DEBUG video-decode: frame allocation returned ptr=401AFD60
000755 +0000122490ms INFO  video-decode: avcodec_open2 begin codec=h264 single_thread=1
000756 +0000122494ms INFO  video-decode: FFmpeg H.264 open complete threads=1 type=0
000757 +0000122496ms INFO  audio-decode: Opus open begin rate=48000 channels=2
000758 +0000122498ms INFO  audio-decode: Opus open complete
000759 +0000122505ms INFO  libpeer: socket.c:87 XNet UDP direct-outbound option fd=441708544 opt5801=0/0
000760 +0000122507ms INFO  libpeer: socket.c:102 UDP receive buffer: 64512 bytes
000761 +0000122510ms INFO  libpeer: socket.c:149 UDP socket ready fd=441708544 type_rc=0 type=2 local=0.0.0.0:1089 raw_addr=0x00000000
000762 +0000122512ms INFO  libpeer: agent.c:38 create IPv4 UDP socket: 441708544
000763 +0000122514ms INFO  webrtc: peer connection created pc=401A0010 configured_ice=1
000764 +0000122515ms INFO  websocket: connect begin url=wss://66-22-140-145.cloudmatchbeta.nvidiagrid.net:443/nvst/sign_in headers=3
000765 +0000122517ms INFO  tls: connect begin host=66-22-140-145.cloudmatchbeta.nvidiagrid.net port=443 ca=game:\cacert.pem
000766 +0000122519ms INFO  socket: preflight mode=XNet bypass-security plus DashLaunch sockpatch
000767 +0000122539ms INFO  dns: lookup complete host=66-22-140-145.cloudmatchbeta.nvidiagrid.net status=0 addresses=1 elapsed_ms=18
000768 +0000122541ms INFO  socket: resolved endpoint host=66-22-140-145.cloudmatchbeta.nvidiagrid.net ipv4=66.22.140.145 port=443 raw=0x42168c91
000769 +0000122543ms DEBUG socket: probe attempt=1 strategy=5801-only create=0x1a540001 wsa=0
000770 +0000122556ms INFO  socket: probe result strategy=5801-only opt5802=0/0 opt5801=0/0 connect=0/0 elapsed_ms=39
000771 +0000122558ms DEBUG tls: CA load begin path=game:\cacert.pem
000772 +0000122599ms INFO  tls: CA load complete path=game:\cacert.pem bytes=188900 skipped_certificates=59
000773 +0000122602ms INFO  tls: handshake begin host=66-22-140-145.cloudmatchbeta.nvidiagrid.net
000774 +0000122671ms INFO  tls: connect complete host=66-22-140-145.cloudmatchbeta.nvidiagrid.net port=443 spins=0 elapsed_ms=154
000775 +0000122716ms INFO  websocket: connect complete url=wss://66-22-140-145.cloudmatchbeta.nvidiagrid.net:443/nvst/sign_in
000776 +0000122718ms INFO  stream: WebRTC start returned success state=signaling connected
000777 +0000122728ms DEBUG signaling: received messages=3
000778 +0000122822ms DEBUG signaling: received messages=1
000779 +0000122839ms INFO  signaling: offer received bytes=3164 remote_peer=1
000780 +0000122841ms INFO  signaling: remote description applied; creating answer
000781 +0000123509ms INFO  libpeer: peer_connection.c:966 ice server: stun:s1.stun.gamestream.nvidia.com:19308
000782 +0000123558ms INFO  libpeer: ports.c:139 STUN DNS alias normalized s1.stun.gamestream.nvidia.com -> nv.stun.gamestream.nvidia.com
000783 +0000123808ms INFO  libpeer: ports.c:200 Resolved s1.stun.gamestream.nvidia.com -> 52.10.212.90 raw=0x340ad45a
000784 +0000123981ms INFO  libpeer: agent.c:289 Resolved stun/turn server 52.10.212.90:19308
000785 +0000123983ms INFO  libpeer: socket.c:199 UDP connect fd=441708544 endpoint_raw=0x340ad45a port=19308 rc=0 wsa=0
000786 +0000124057ms ERROR libpeer: stun.c:224 Unknown Attribute Type: 0x802b
000787 +0000124059ms ERROR libpeer: stun.c:224 Unknown Attribute Type: 0x8022
000788 +0000124062ms INFO  ice: local candidates queued callback_bytes=984 queue=1
000789 +0000124064ms INFO  webrtc-state: state changed code=2 name=checking rtt_ms=-1 local_ice=0 remote_ice=0 pairs=0 frozen=0 checking=0 ok=0 failed=0
000790 +0000124069ms INFO  signaling: answer created sdp_bytes=1025 nvst_bytes=2100 queued_candidates=1
000791 +0000124072ms INFO  ice: local candidate signaling complete sent=1 total=2
000792 +0000124077ms INFO  ice: manual fallback scheduled ports=48322,47998,47999 candidates=3 media_hint_port=48322
000793 +0000124084ms DEBUG signaling: received messages=1
000794 +0000124089ms DEBUG signaling: received messages=2
000795 +0000124123ms DEBUG signaling: received messages=1
000796 +0000124125ms INFO  ice: remote trickle candidate rc=0 bytes=67
000797 +0000124127ms INFO  libpeer: socket.c:199 UDP connect fd=441708544 endpoint_raw=0x42168c91 port=5004 rc=0 wsa=0
000798 +0000124629ms DEBUG signaling: received messages=1
000799 +0000124834ms INFO  webrtc-state: state changed code=3 name=connected rtt_ms=1305 local_ice=2 remote_ice=1 pairs=2 frozen=1 checking=0 ok=1 failed=0
000800 +0000124907ms INFO  libpeer: dtls_srtp.c:310 Created inbound SRTP session
000801 +0000124909ms INFO  libpeer: dtls_srtp.c:330 Created outbound SRTP session
000802 +0000124956ms INFO  libpeer: peer_connection.c:601 SCTP create socket
000803 +0000124957ms INFO  webrtc-state: state changed code=4 name=completed rtt_ms=1305 local_ice=2 remote_ice=1 pairs=2 frozen=1 checking=0 ok=1 failed=0
000804 +0000124959ms ERROR libpeer: peer_connection.c:508 sctp not connected
000805 +0000125024ms INFO  datachannel: SCTP channel opened
000806 +0000125043ms INFO  libpeer: peer_connection.c:730 RTP decrypted packet=1 pt=63 ssrc=1 bytes=625 expectedAudio=1 expectedVideo=2 route=audio
000807 +0000125045ms INFO  audio-rtp: RED unwrapped packet=1 wire=605 headers=1 redundant=0 opus=604 primary_pt=111
000808 +0000125047ms INFO  libpeer: peer_connection.c:730 RTP decrypted packet=2 pt=63 ssrc=1 bytes=316 expectedAudio=1 expectedVideo=2 route=audio
000809 +0000125049ms INFO  audio-rtp: RED unwrapped packet=2 wire=296 headers=1 redundant=0 opus=295 primary_pt=111
000810 +0000125051ms INFO  libpeer: peer_connection.c:730 RTP decrypted packet=3 pt=63 ssrc=1 bytes=615 expectedAudio=1 expectedVideo=2 route=audio
000811 +0000125053ms INFO  audio-rtp: RED unwrapped packet=3 wire=595 headers=5 redundant=295 opus=295 primary_pt=111
000812 +0000125056ms INFO  libpeer: peer_connection.c:730 RTP decrypted packet=4 pt=63 ssrc=1 bytes=935 expectedAudio=1 expectedVideo=2 route=audio
000813 +0000125058ms INFO  audio-rtp: RED unwrapped packet=4 wire=915 headers=9 redundant=590 opus=316 primary_pt=111
000814 +0000125061ms INFO  libpeer: peer_connection.c:730 RTP decrypted packet=5 pt=63 ssrc=1 bytes=958 expectedAudio=1 expectedVideo=2 route=audio
000815 +0000125063ms INFO  audio-rtp: RED unwrapped packet=5 wire=938 headers=9 redundant=611 opus=318 primary_pt=111
000816 +0000125066ms INFO  libpeer: peer_connection.c:730 RTP decrypted packet=6 pt=63 ssrc=1 bytes=992 expectedAudio=1 expectedVideo=2 route=audio
000817 +0000125068ms INFO  audio-rtp: RED unwrapped packet=6 wire=972 headers=9 redundant=634 opus=329 primary_pt=111
000818 +0000125071ms INFO  libpeer: peer_connection.c:730 RTP decrypted packet=7 pt=63 ssrc=1 bytes=1009 expectedAudio=1 expectedVideo=2 route=audio
000819 +0000125074ms INFO  audio-rtp: RED unwrapped packet=7 wire=989 headers=9 redundant=647 opus=333 primary_pt=111
000820 +0000125077ms INFO  libpeer: peer_connection.c:730 RTP decrypted packet=8 pt=63 ssrc=1 bytes=1024 expectedAudio=1 expectedVideo=2 route=audio
000821 +0000125079ms INFO  audio-rtp: RED unwrapped packet=8 wire=1004 headers=9 redundant=662 opus=333 primary_pt=111
000822 +0000125082ms INFO  libpeer: peer_connection.c:730 RTP decrypted packet=9 pt=63 ssrc=1 bytes=1027 expectedAudio=1 expectedVideo=2 route=audio
000823 +0000125085ms INFO  libpeer: peer_connection.c:730 RTP decrypted packet=10 pt=63 ssrc=1 bytes=1106 expectedAudio=1 expectedVideo=2 route=audio
000824 +0000125088ms INFO  libpeer: peer_connection.c:730 RTP decrypted packet=11 pt=63 ssrc=1 bytes=851 expectedAudio=1 expectedVideo=2 route=audio
000825 +0000125090ms INFO  libpeer: peer_connection.c:730 RTP decrypted packet=12 pt=63 ssrc=1 bytes=839 expectedAudio=1 expectedVideo=2 route=audio
000826 +0000125580ms INFO  libpeer: peer_connection.c:789 binding request timeout; keeping completed transport alive
000827 +0000126568ms INFO  libpeer: peer_connection.c:789 binding request timeout; keeping completed transport alive
000828 +0000126630ms DEBUG signaling: received messages=1
000829 +0000126658ms WARN  libpeer: rtp.c:534 RTP H264: sequence gap inside fragmented NALU (112 -> 164)
000830 +0000128616ms INFO  libpeer: peer_connection.c:789 binding request timeout; keeping completed transport alive
000831 +0000129382ms WARN  libpeer: rtp.c:534 RTP H264: sequence gap inside fragmented NALU (262 -> 785)
000832 +0000129442ms DEBUG signaling: received messages=1
000833 +0000132424ms DEBUG signaling: received messages=1
000834 +0000132628ms INFO  libpeer: peer_connection.c:789 binding request timeout; keeping completed transport alive
000835 +0000133063ms WARN  libpeer: rtp.c:534 RTP H264: sequence gap inside fragmented NALU (1658 -> 1684)
000836 +0000133367ms WARN  libpeer: rtp.c:534 RTP H264: sequence gap inside fragmented NALU (1697 -> 1759)
000837 +0000133674ms WARN  libpeer: rtp.c:534 RTP H264: sequence gap inside fragmented NALU (1870 -> 1974)
000838 +0000133676ms WARN  libpeer: rtp.c:534 RTP H264: sequence gap inside fragmented NALU (1979 -> 2073)
000839 +0000133680ms DEBUG signaling: received messages=1
000840 +0000133690ms WARN  libpeer: rtp.c:534 RTP H264: sequence gap inside fragmented NALU (2073 -> 2076)
000841 +0000133847ms WARN  libpeer: rtp.c:534 RTP H264: sequence gap inside fragmented NALU (2393 -> 2462)
000842 +0000133933ms WARN  libpeer: rtp.c:534 RTP H264: sequence gap inside fragmented NALU (2483 -> 2487)
000843 +0000134045ms WARN  libpeer: rtp.c:534 RTP H264: sequence gap inside fragmented NALU (2514 -> 2552)
000844 +0000134337ms WARN  libpeer: rtp.c:534 RTP H264: sequence gap inside fragmented NALU (2610 -> 2678)
000845 +0000134514ms WARN  libpeer: rtp.c:534 RTP H264: sequence gap inside fragmented NALU (2723 -> 2742)
000846 +0000134520ms WARN  libpeer: rtp.c:534 RTP H264: sequence gap inside fragmented NALU (2747 -> 2765)
000847 +0000134529ms WARN  libpeer: rtp.c:534 RTP H264: sequence gap inside fragmented NALU (2770 -> 2780)
000848 +0000134539ms WARN  libpeer: rtp.c:534 RTP H264: sequence gap inside fragmented NALU (2785 -> 2818)
000849 +0000134541ms WARN  libpeer: rtp.c:534 RTP H264: sequence gap inside fragmented NALU (2825 -> 2847)
000850 +0000134675ms WARN  libpeer: rtp.c:534 RTP H264: sequence gap inside fragmented NALU (2959 -> 2964)
000851 +0000134922ms WARN  libpeer: rtp.c:534 RTP H264: sequence gap inside fragmented NALU (3012 -> 3063)
000852 +0000135216ms WARN  libpeer: rtp.c:534 RTP H264: sequence gap inside fragmented NALU (3137 -> 3163)
000853 +0000135345ms WARN  libpeer: rtp.c:534 RTP H264: sequence gap inside fragmented NALU (3169 -> 3189)
000854 +0000135347ms WARN  libpeer: rtp.c:534 RTP H264: sequence gap inside fragmented NALU (3196 -> 3213)
000855 +0000135350ms WARN  libpeer: rtp.c:534 RTP H264: sequence gap inside fragmented NALU (3219 -> 3242)
000856 +0000135627ms INFO  libpeer: peer_connection.c:789 binding request timeout; keeping completed transport alive
000857 +0000135770ms DEBUG signaling: received messages=1
000858 +0000135917ms WARN  libpeer: rtp.c:534 RTP H264: sequence gap inside fragmented NALU (3269 -> 3441)
000859 +0000136043ms WARN  libpeer: rtp.c:534 RTP H264: sequence gap inside fragmented NALU (3469 -> 3547)
000860 +0000136048ms INFO  audio-rtp: RED unwrapped packet=300 wire=914 headers=9 redundant=605 opus=300 primary_pt=111
000861 +0000136052ms WARN  libpeer: rtp.c:534 RTP H264: sequence gap inside fragmented NALU (3551 -> 3653)
000862 +0000136059ms WARN  libpeer: rtp.c:534 RTP H264: sequence gap inside fragmented NALU (3660 -> 3843)
000863 +0000136526ms INFO  libpeer: peer_connection.c:789 binding request timeout; keeping completed transport alive
000864 +0000136645ms WARN  libpeer: rtp.c:534 RTP H264: sequence gap inside fragmented NALU (4003 -> 4011)
000865 +0000136686ms WARN  libpeer: rtp.c:534 RTP H264: sequence gap inside fragmented NALU (4025 -> 4032)
000866 +0000137649ms INFO  libpeer: peer_connection.c:789 binding request timeout; keeping completed transport alive
000867 +0000137840ms INFO  libpeer: peer_connection.c:730 RTP decrypted packet=1200 pt=96 ssrc=2 bytes=42 expectedAudio=1 expectedVideo=2 route=video
000868 +0000138108ms DEBUG signaling: received messages=1
000869 +0000138523ms INFO  libpeer: peer_connection.c:789 binding request timeout; keeping completed transport alive
000870 +0000138824ms WARN  libpeer: rtp.c:534 RTP H264: sequence gap inside fragmented NALU (4132 -> 4430)
000871 +0000138870ms WARN  libpeer: rtp.c:534 RTP H264: sequence gap inside fragmented NALU (4437 -> 4545)
000872 +0000138915ms WARN  libpeer: rtp.c:534 RTP H264: sequence gap inside fragmented NALU (4552 -> 4637)
000873 +0000138917ms WARN  libpeer: rtp.c:534 RTP H264: sequence gap inside fragmented NALU (4639 -> 4707)
000874 +0000138923ms WARN  libpeer: rtp.c:534 RTP H264: sequence gap inside fragmented NALU (4819 -> 5005)
000875 +0000139219ms WARN  libpeer: rtp.c:534 RTP H264: sequence gap inside fragmented NALU (5117 -> 5129)
000876 +0000139342ms WARN  libpeer: rtp.c:534 RTP H264: sequence gap inside fragmented NALU (5133 -> 5160)
000877 +0000139488ms DEBUG signaling: received messages=1
000878 +0000140196ms WARN  libpeer: rtp.c:534 RTP H264: sequence gap inside fragmented NALU (5489 -> 5591)
000879 +0000141520ms INFO  libpeer: peer_connection.c:789 binding request timeout; keeping completed transport alive
000880 +0000142613ms INFO  libpeer: peer_connection.c:789 binding request timeout; keeping completed transport alive
000881 +0000142807ms INFO  libpeer: peer_connection.c:730 RTP decrypted packet=2400 pt=96 ssrc=2 bytes=1164 expectedAudio=1 expectedVideo=2 route=video
000882 +0000142811ms DEBUG signaling: received messages=1
000883 +0000142815ms WARN  libpeer: rtp.c:534 RTP H264: sequence gap inside fragmented NALU (5723 -> 5774)
000884 +0000142819ms WARN  libpeer: rtp.c:534 RTP H264: sequence gap inside fragmented NALU (5780 -> 5867)
000885 +0000142825ms WARN  libpeer: rtp.c:534 RTP H264: sequence gap inside fragmented NALU (5871 -> 5989)
000886 +0000142829ms WARN  libpeer: rtp.c:534 RTP H264: sequence gap inside fragmented NALU (5998 -> 6088)
000887 +0000142852ms WARN  libpeer: rtp.c:534 RTP H264: sequence gap inside fragmented NALU (6093 -> 6200)
000888 +0000142859ms WARN  libpeer: rtp.c:534 RTP H264: sequence gap inside fragmented NALU (6207 -> 6309)
000889 +0000142916ms WARN  libpeer: rtp.c:534 RTP H264: sequence gap inside fragmented NALU (6557 -> 6561)
000890 +0000143431ms WARN  libpeer: rtp.c:534 RTP H264: sequence gap inside fragmented NALU (6590 -> 6612)
000891 +0000143626ms DEBUG signaling: received messages=1
000892 +0000143642ms WARN  libpeer: rtp.c:534 RTP H264: sequence gap inside fragmented NALU (6626 -> 6631)
000893 +0000144502ms WARN  libpeer: rtp.c:534 RTP H264: sequence gap inside fragmented NALU (6683 -> 7162)
000894 +0000146032ms WARN  libpeer: rtp.c:534 RTP H264: sequence gap inside fragmented NALU (7467 -> 7469)
000895 +0000146086ms WARN  libpeer: rtp.c:534 RTP H264: sequence gap inside fragmented NALU (7501 -> 7521)
000896 +0000146088ms WARN  libpeer: rtp.c:534 RTP H264: sequence gap inside fragmented NALU (7524 -> 7544)
000897 +0000146097ms WARN  libpeer: rtp.c:534 RTP H264: sequence gap inside fragmented NALU (7544 -> 7546)
000898 +0000146102ms WARN  libpeer: rtp.c:534 RTP H264: sequence gap inside fragmented NALU (7551 -> 7569)
000899 +0000146104ms WARN  libpeer: rtp.c:534 RTP H264: sequence gap inside fragmented NALU (7573 -> 7584)
000900 +0000146106ms WARN  libpeer: rtp.c:534 RTP H264: sequence gap inside fragmented NALU (7584 -> 7586)
000901 +0000146117ms WARN  libpeer: rtp.c:534 RTP H264: sequence gap inside fragmented NALU (7618 -> 7646)
000902 +0000146120ms WARN  libpeer: rtp.c:534 RTP H264: sequence gap inside fragmented NALU (7649 -> 7665)
000903 +0000146194ms INFO  libpeer: peer_connection.c:730 RTP decrypted packet=3600 pt=96 ssrc=2 bytes=1164 expectedAudio=1 expectedVideo=2 route=video
000904 +0000146210ms WARN  libpeer: rtp.c:534 RTP H264: sequence gap inside fragmented NALU (7711 -> 7745)
000905 +0000146453ms DEBUG signaling: received messages=1
000906 +0000146960ms WARN  libpeer: rtp.c:534 RTP H264: sequence gap inside fragmented NALU (8107 -> 8222)
000907 +0000147047ms WARN  libpeer: rtp.c:534 RTP H264: sequence gap inside fragmented NALU (8234 -> 8246)
000908 +0000147054ms WARN  libpeer: rtp.c:534 RTP H264: sequence gap inside fragmented NALU (8286 -> 8303)
000909 +0000147087ms WARN  libpeer: rtp.c:534 RTP H264: sequence gap inside fragmented NALU (8344 -> 8378)
000910 +0000147103ms WARN  libpeer: rtp.c:534 RTP H264: sequence gap inside fragmented NALU (8385 -> 8406)
000911 +0000147235ms WARN  libpeer: rtp.c:534 RTP H264: sequence gap inside fragmented NALU (8436 -> 8488)
000912 +0000147353ms DEBUG signaling: received messages=1
000913 +0000147608ms INFO  libpeer: peer_connection.c:789 binding request timeout; keeping completed transport alive
000914 +0000147785ms WARN  libpeer: rtp.c:534 RTP H264: sequence gap inside fragmented NALU (8774 -> 8785)
000915 +0000147791ms WARN  libpeer: rtp.c:534 RTP H264: sequence gap inside fragmented NALU (8791 -> 8821)
000916 +0000147975ms INFO  audio-rtp: RED unwrapped packet=600 wire=960 headers=9 redundant=634 opus=317 primary_pt=111
000917 +0000147987ms WARN  libpeer: rtp.c:534 RTP H264: sequence gap inside fragmented NALU (8929 -> 9143)
000918 +0000148116ms WARN  libpeer: rtp.c:534 RTP H264: sequence gap inside fragmented NALU (9165 -> 9197)
000919 +0000148169ms WARN  libpeer: rtp.c:534 RTP H264: sequence gap inside fragmented NALU (9252 -> 9254)
000920 +0000148180ms WARN  libpeer: rtp.c:534 RTP H264: sequence gap inside fragmented NALU (9309 -> 9326)
000921 +0000148319ms WARN  libpeer: rtp.c:534 RTP H264: sequence gap inside fragmented NALU (9360 -> 9486)
000922 +0000148324ms DEBUG signaling: received messages=1
000923 +0000148546ms INFO  libpeer: peer_connection.c:789 binding request timeout; keeping completed transport alive
000924 +0000148588ms WARN  libpeer: rtp.c:534 RTP H264: sequence gap inside fragmented NALU (9543 -> 9632)
000925 +0000148597ms WARN  libpeer: rtp.c:534 RTP H264: sequence gap inside fragmented NALU (9678 -> 9707)
000926 +0000148638ms WARN  libpeer: rtp.c:534 RTP H264: sequence gap inside fragmented NALU (9736 -> 9761)
000927 +0000148672ms WARN  libpeer: rtp.c:534 RTP H264: sequence gap inside fragmented NALU (9786 -> 9797)
000928 +0000148883ms WARN  libpeer: rtp.c:534 RTP H264: sequence gap inside fragmented NALU (9858 -> 9869)
000929 +0000148900ms WARN  libpeer: rtp.c:534 RTP H264: sequence gap inside fragmented NALU (9871 -> 9879)
000930 +0000149471ms WARN  libpeer: rtp.c:534 RTP H264: sequence gap inside fragmented NALU (9928 -> 9977)
000931 +0000150248ms DEBUG signaling: received messages=1
000932 +0000150456ms WARN  libpeer: rtp.c:534 RTP H264: sequence gap inside fragmented NALU (10034 -> 10271)
000933 +0000150458ms WARN  libpeer: rtp.c:534 RTP H264: sequence gap inside fragmented NALU (10274 -> 10312)
000934 +0000150838ms WARN  libpeer: rtp.c:534 RTP H264: sequence gap inside fragmented NALU (10329 -> 10380)
000935 +0000150904ms WARN  libpeer: rtp.c:534 RTP H264: sequence gap inside fragmented NALU (10384 -> 10442)
000936 +0000150942ms WARN  libpeer: rtp.c:534 RTP H264: sequence gap inside fragmented NALU (10448 -> 10486)
000937 +0000150975ms WARN  libpeer: rtp.c:534 RTP H264: sequence gap inside fragmented NALU (10493 -> 10528)
000938 +0000151132ms WARN  libpeer: rtp.c:534 RTP H264: sequence gap inside fragmented NALU (10656 -> 10853)
000939 +0000151542ms INFO  libpeer: peer_connection.c:789 binding request timeout; keeping completed transport alive
000940 +0000151723ms WARN  libpeer: rtp.c:534 RTP H264: sequence gap inside fragmented NALU (10943 -> 10982)
000941 +0000151732ms WARN  libpeer: rtp.c:534 RTP H264: sequence gap inside fragmented NALU (10985 -> 11047)
000942 +0000151734ms WARN  libpeer: rtp.c:534 RTP H264: sequence gap inside fragmented NALU (11052 -> 11086)
000943 +0000151751ms WARN  libpeer: rtp.c:534 RTP H264: sequence gap inside fragmented NALU (11092 -> 11175)
000944 +0000152311ms WARN  libpeer: rtp.c:534 RTP H264: sequence gap inside fragmented NALU (11214 -> 11228)
000945 +0000152510ms DEBUG signaling: received messages=1
000946 +0000152659ms INFO  libpeer: peer_connection.c:789 binding request timeout; keeping completed transport alive
000947 +0000152662ms INFO  libpeer: peer_connection.c:730 RTP decrypted packet=4800 pt=96 ssrc=2 bytes=252 expectedAudio=1 expectedVideo=2 route=video
000948 +0000153380ms WARN  libpeer: rtp.c:534 RTP H264: sequence gap inside fragmented NALU (11295 -> 11610)
000949 +0000153695ms WARN  libpeer: rtp.c:534 RTP H264: sequence gap inside fragmented NALU (11621 -> 11660)
000950 +0000154113ms DEBUG signaling: received messages=1
000951 +0000154287ms WARN  libpeer: rtp.c:534 RTP H264: sequence gap inside fragmented NALU (11731 -> 11735)
000952 +0000154294ms WARN  libpeer: rtp.c:534 RTP H264: sequence gap inside fragmented NALU (11741 -> 11792)
000953 +0000154332ms WARN  libpeer: rtp.c:534 RTP H264: sequence gap inside fragmented NALU (11798 -> 11836)
000954 +0000154368ms WARN  libpeer: rtp.c:534 RTP H264: sequence gap inside fragmented NALU (11842 -> 11891)
000955 +0000154379ms WARN  libpeer: rtp.c:534 RTP H264: sequence gap inside fragmented NALU (11896 -> 11953)
000956 +0000154527ms INFO  libpeer: peer_connection.c:789 binding request timeout; keeping completed transport alive
000957 +0000154529ms WARN  libpeer: rtp.c:534 RTP H264: sequence gap inside fragmented NALU (11980 -> 12273)
000958 +0000154540ms WARN  libpeer: rtp.c:534 RTP H264: sequence gap inside fragmented NALU (12275 -> 12340)
000959 +0000154542ms WARN  libpeer: rtp.c:534 RTP H264: sequence gap inside fragmented NALU (12340 -> 12343)
000960 +0000155051ms WARN  libpeer: rtp.c:534 RTP H264: sequence gap inside fragmented NALU (12439 -> 12488)
000961 +0000155390ms WARN  libpeer: rtp.c:534 RTP H264: sequence gap inside fragmented NALU (12513 -> 12640)
000962 +0000155675ms WARN  libpeer: rtp.c:534 RTP H264: sequence gap inside fragmented NALU (12651 -> 12664)
000963 +0000155807ms WARN  libpeer: rtp.c:534 RTP H264: sequence gap inside fragmented NALU (12682 -> 12720)
000964 +0000156197ms DEBUG signaling: received messages=1
000965 +0000156628ms INFO  libpeer: peer_connection.c:789 binding request timeout; keeping completed transport alive
000966 +0000156697ms WARN  libpeer: rtp.c:534 RTP H264: sequence gap inside fragmented NALU (12749 -> 12913)
000967 +0000156732ms WARN  libpeer: rtp.c:534 RTP H264: sequence gap inside fragmented NALU (12920 -> 12954)
000968 +0000156885ms WARN  libpeer: rtp.c:534 RTP H264: sequence gap inside fragmented NALU (12978 -> 13093)
000969 +0000156888ms WARN  libpeer: rtp.c:534 RTP H264: sequence gap inside fragmented NALU (13094 -> 13140)
000970 +0000157023ms WARN  libpeer: rtp.c:534 RTP H264: sequence gap inside fragmented NALU (13186 -> 13264)
000971 +0000157035ms WARN  libpeer: rtp.c:534 RTP H264: sequence gap inside fragmented NALU (13267 -> 13306)
000972 +0000157064ms WARN  libpeer: rtp.c:534 RTP H264: sequence gap inside fragmented NALU (13310 -> 13344)
000973 +0000157507ms WARN  libpeer: rtp.c:534 RTP H264: sequence gap inside fragmented NALU (13376 -> 13454)
000974 +0000157853ms WARN  libpeer: rtp.c:534 RTP H264: sequence gap inside fragmented NALU (13695 -> 13740)
000975 +0000159492ms DEBUG signaling: received messages=1
000976 +0000160269ms DEBUG signaling: received messages=1
000977 +0000160335ms WARN  libpeer: rtp.c:534 RTP H264: sequence gap inside fragmented NALU (13914 -> 14418)
000978 +0000160521ms INFO  libpeer: peer_connection.c:789 binding request timeout; keeping completed transport alive
000979 +0000160523ms WARN  libpeer: rtp.c:534 RTP H264: sequence gap inside fragmented NALU (14437 -> 14503)
000980 +0000160658ms INFO  libpeer: sctp.c:532 Unknown chunk type 4
000981 +0000160672ms WARN  libpeer: rtp.c:534 RTP H264: sequence gap inside fragmented NALU (14714 -> 14749)
000982 +0000160674ms WARN  libpeer: rtp.c:534 RTP H264: sequence gap inside fragmented NALU (14749 -> 14751)
000983 +0000160864ms WARN  libpeer: rtp.c:534 RTP H264: sequence gap inside fragmented NALU (14863 -> 14942)
000984 +0000160868ms WARN  libpeer: rtp.c:534 RTP H264: sequence gap inside fragmented NALU (14944 -> 14988)
000985 +0000160871ms WARN  libpeer: rtp.c:534 RTP H264: sequence gap inside fragmented NALU (14988 -> 14990)
000986 +0000160929ms WARN  libpeer: rtp.c:534 RTP H264: sequence gap inside fragmented NALU (15016 -> 15062)
000987 +0000161026ms WARN  libpeer: rtp.c:534 RTP H264: sequence gap inside fragmented NALU (15083 -> 15088)
000988 +0000161347ms WARN  libpeer: rtp.c:534 RTP H264: sequence gap inside fragmented NALU (15123 -> 15145)
000989 +0000161459ms WARN  libpeer: rtp.c:534 RTP H264: sequence gap inside fragmented NALU (15153 -> 15165)
000990 +0000162451ms INFO  controller: special buttons raw=0x8000 mapped=0x8000 back=0 start=0 y=1 packet=145
000991 +0000162504ms DEBUG signaling: received messages=1
000992 +0000162510ms INFO  audio-rtp: RED unwrapped packet=900 wire=888 headers=9 redundant=585 opus=294 primary_pt=111
000993 +0000162518ms WARN  libpeer: rtp.c:534 RTP H264: sequence gap inside fragmented NALU (15424 -> 15518)
000994 +0000162793ms WARN  libpeer: rtp.c:534 RTP H264: sequence gap inside fragmented NALU (15534 -> 15581)
000995 +0000163073ms INFO  controller: special buttons raw=0x0000 mapped=0x0000 back=0 start=0 y=0 packet=146
000996 +0000163078ms WARN  libpeer: rtp.c:534 RTP H264: sequence gap inside fragmented NALU (15587 -> 15633)
000997 +0000163210ms WARN  libpeer: rtp.c:534 RTP H264: sequence gap inside fragmented NALU (15640 -> 15675)
000998 +0000163212ms WARN  libpeer: rtp.c:534 RTP H264: sequence gap inside fragmented NALU (15680 -> 15744)
000999 +0000163225ms WARN  libpeer: rtp.c:534 RTP H264: sequence gap inside fragmented NALU (15800 -> 15819)
001000 +0000163404ms WARN  libpeer: rtp.c:534 RTP H264: sequence gap inside fragmented NALU (15843 -> 16037)
001001 +0000163415ms WARN  libpeer: rtp.c:534 RTP H264: sequence gap inside fragmented NALU (16039 -> 16083)
001002 +0000163966ms WARN  libpeer: rtp.c:534 RTP H264: sequence gap inside fragmented NALU (16185 -> 16250)
001003 +0000164107ms DEBUG signaling: received messages=1
001004 +0000164112ms INFO  libpeer: peer_connection.c:730 RTP decrypted packet=6000 pt=96 ssrc=2 bytes=1164 expectedAudio=1 expectedVideo=2 route=video
001005 +0000164119ms WARN  libpeer: rtp.c:534 RTP H264: sequence gap inside fragmented NALU (16436 -> 16459)
001006 +0000164124ms WARN  libpeer: rtp.c:534 RTP H264: sequence gap inside fragmented NALU (16467 -> 16474)
001007 +0000164126ms WARN  libpeer: rtp.c:534 RTP H264: sequence gap inside fragmented NALU (16481 -> 16495)
001008 +0000164465ms WARN  libpeer: rtp.c:534 RTP H264: sequence gap inside fragmented NALU (16527 -> 16566)
001009 +0000165414ms WARN  libpeer: rtp.c:534 RTP H264: sequence gap inside fragmented NALU (16625 -> 16806)
001010 +0000165610ms INFO  libpeer: peer_connection.c:789 binding request timeout; keeping completed transport alive
001011 +0000165618ms WARN  libpeer: rtp.c:534 RTP H264: sequence gap inside fragmented NALU (16877 -> 16945)
001012 +0000165626ms WARN  libpeer: rtp.c:534 RTP H264: sequence gap inside fragmented NALU (16951 -> 17010)
001013 +0000165671ms WARN  libpeer: rtp.c:534 RTP H264: sequence gap inside fragmented NALU (17023 -> 17076)
001014 +0000165675ms WARN  libpeer: rtp.c:534 RTP H264: sequence gap inside fragmented NALU (17082 -> 17142)
001015 +0000165719ms WARN  libpeer: rtp.c:534 RTP H264: sequence gap inside fragmented NALU (17148 -> 17200)
001016 +0000165732ms WARN  libpeer: rtp.c:534 RTP H264: sequence gap inside fragmented NALU (17209 -> 17296)
001017 +0000166051ms WARN  libpeer: rtp.c:534 RTP H264: sequence gap inside fragmented NALU (17327 -> 17330)
001018 +0000166294ms WARN  libpeer: rtp.c:534 RTP H264: sequence gap inside fragmented NALU (17341 -> 17369)
001019 +0000166580ms INFO  libpeer: peer_connection.c:789 binding request timeout; keeping completed transport alive
001020 +0000167520ms WARN  libpeer: rtp.c:534 RTP H264: sequence gap inside fragmented NALU (17390 -> 17392)
001021 +0000168273ms DEBUG signaling: received messages=1
001022 +0000168584ms INFO  libpeer: peer_connection.c:789 binding request timeout; keeping completed transport alive
001023 +0000169239ms DEBUG signaling: received messages=1
001024 +0000169542ms INFO  libpeer: peer_connection.c:789 binding request timeout; keeping completed transport alive
001025 +0000170382ms DEBUG signaling: received messages=1
001026 +0000170581ms INFO  libpeer: peer_connection.c:789 binding request timeout; keeping completed transport alive
001027 +0000170587ms WARN  libpeer: rtp.c:534 RTP H264: sequence gap inside fragmented NALU (17472 -> 17687)
001028 +0000170715ms WARN  libpeer: rtp.c:534 RTP H264: sequence gap inside fragmented NALU (17800 -> 17867)
001029 +0000170742ms WARN  libpeer: rtp.c:534 RTP H264: sequence gap inside fragmented NALU (17870 -> 18033)
001030 +0000170750ms WARN  libpeer: rtp.c:534 RTP H264: sequence gap inside fragmented NALU (18471 -> 18602)
001031 +0000170756ms WARN  libpeer: rtp.c:534 RTP H264: sequence gap inside fragmented NALU (18603 -> 18831)
001032 +0000170759ms WARN  libpeer: rtp.c:534 RTP H264: sequence gap inside fragmented NALU (18831 -> 18879)
001033 +0000170761ms WARN  libpeer: rtp.c:534 RTP H264: sequence gap inside fragmented NALU (18880 -> 18925)
001034 +0000170871ms WARN  libpeer: rtp.c:534 RTP H264: sequence gap inside fragmented NALU (19127 -> 19169)
001035 +0000170873ms WARN  libpeer: rtp.c:534 RTP H264: sequence gap inside fragmented NALU (19169 -> 19171)
001036 +0000170875ms WARN  libpeer: rtp.c:534 RTP H264: sequence gap inside fragmented NALU (19178 -> 19201)
001037 +0000171211ms INFO  libpeer: peer_connection.c:730 RTP decrypted packet=7200 pt=97 ssrc=3 bytes=1166 expectedAudio=1 expectedVideo=2 route=video
001038 +0000171520ms INFO  libpeer: peer_connection.c:789 binding request timeout; keeping completed transport alive
001039 +0000173096ms DEBUG signaling: received messages=1
001040 +0000173543ms INFO  libpeer: peer_connection.c:789 binding request timeout; keeping completed transport alive
001041 +0000173869ms DEBUG signaling: received messages=1
001042 +0000174296ms WARN  libpeer: rtp.c:534 RTP H264: sequence gap inside fragmented NALU (19422 -> 20389)
001043 +0000174446ms WARN  libpeer: rtp.c:534 RTP H264: sequence gap inside fragmented NALU (20397 -> 20464)
001044 +0000174502ms WARN  libpeer: rtp.c:534 RTP H264: sequence gap inside fragmented NALU (20681 -> 20729)
001045 +0000174508ms WARN  libpeer: rtp.c:534 RTP H264: sequence gap inside fragmented NALU (20806 -> 20859)
001046 +0000174646ms INFO  libpeer: peer_connection.c:789 binding request timeout; keeping completed transport alive
001047 +0000174666ms WARN  libpeer: rtp.c:534 RTP H264: sequence gap inside fragmented NALU (20943 -> 21027)
001048 +0000174668ms WARN  libpeer: rtp.c:534 RTP H264: sequence gap inside fragmented NALU (21030 -> 21043)
001049 +0000175139ms INFO  libpeer: peer_connection.c:730 RTP decrypted packet=8400 pt=96 ssrc=2 bytes=1164 expectedAudio=1 expectedVideo=2 route=video
001050 +0000176445ms DEBUG signaling: received messages=1
001051 +0000176635ms INFO  libpeer: peer_connection.c:789 binding request timeout; keeping completed transport alive
001052 +0000176916ms WARN  libpeer: rtp.c:534 RTP H264: sequence gap inside fragmented NALU (21228 -> 21432)
001053 +0000177062ms WARN  libpeer: rtp.c:534 RTP H264: sequence gap inside fragmented NALU (21439 -> 21643)
001054 +0000177070ms WARN  libpeer: rtp.c:534 RTP H264: sequence gap inside fragmented NALU (21650 -> 21840)
001055 +0000177073ms WARN  libpeer: rtp.c:534 RTP H264: sequence gap inside fragmented NALU (21847 -> 21913)
001056 +0000177281ms WARN  libpeer: rtp.c:534 RTP H264: sequence gap inside fragmented NALU (22199 -> 22266)
001057 +0000177283ms WARN  libpeer: rtp.c:534 RTP H264: sequence gap inside fragmented NALU (22270 -> 22274)
001058 +0000177399ms WARN  libpeer: rtp.c:534 RTP H264: sequence gap inside fragmented NALU (22299 -> 22360)
001059 +0000177448ms INFO  libpeer: peer_connection.c:730 RTP decrypted packet=9600 pt=96 ssrc=2 bytes=136 expectedAudio=1 expectedVideo=2 route=video
001060 +0000177520ms WARN  libpeer: rtp.c:534 RTP H264: sequence gap inside fragmented NALU (22376 -> 22383)
001061 +0000179353ms DEBUG signaling: received messages=1
001062 +0000179535ms INFO  libpeer: peer_connection.c:789 binding request timeout; keeping completed transport alive
001063 +0000180143ms DEBUG signaling: received messages=1
001064 +0000180560ms INFO  libpeer: peer_connection.c:789 binding request timeout; keeping completed transport alive
001065 +0000180757ms WARN  libpeer: rtp.c:534 RTP H264: sequence gap inside fragmented NALU (22678 -> 23180)
001066 +0000180761ms WARN  libpeer: rtp.c:534 RTP H264: sequence gap inside fragmented NALU (23181 -> 23253)
001067 +0000180767ms WARN  libpeer: rtp.c:534 RTP H264: sequence gap inside fragmented NALU (23393 -> 23486)
001068 +0000180769ms WARN  libpeer: rtp.c:534 RTP H264: sequence gap inside fragmented NALU (23488 -> 23543)
001069 +0000180772ms WARN  libpeer: rtp.c:534 RTP H264: sequence gap inside fragmented NALU (23610 -> 23663)
001070 +0000180776ms WARN  libpeer: rtp.c:534 RTP H264: sequence gap inside fragmented NALU (23764 -> 23781)
001071 +0000180780ms WARN  libpeer: rtp.c:534 RTP H264: sequence gap inside fragmented NALU (23784 -> 23849)
001072 +0000180782ms WARN  libpeer: rtp.c:534 RTP H264: sequence gap inside fragmented NALU (23852 -> 23903)
001073 +0000180786ms WARN  libpeer: rtp.c:534 RTP H264: sequence gap inside fragmented NALU (23904 -> 23975)
001074 +0000180795ms INFO  audio-rtp: RED unwrapped packet=1200 wire=897 headers=9 redundant=591 opus=297 primary_pt=111
001075 +0000180819ms WARN  libpeer: rtp.c:534 RTP H264: sequence gap inside fragmented NALU (23980 -> 24049)
001076 +0000182067ms DEBUG signaling: received messages=1
001077 +0000182532ms INFO  libpeer: peer_connection.c:789 binding request timeout; keeping completed transport alive
001078 +0000182867ms WARN  libpeer: rtp.c:534 RTP H264: sequence gap inside fragmented NALU (24167 -> 24562)
001079 +0000183018ms WARN  libpeer: rtp.c:534 RTP H264: sequence gap inside fragmented NALU (24565 -> 24617)
001080 +0000183160ms WARN  libpeer: rtp.c:534 RTP H264: sequence gap inside fragmented NALU (24782 -> 24801)
001081 +0000183204ms WARN  libpeer: rtp.c:534 RTP H264: sequence gap inside fragmented NALU (24833 -> 24886)
001082 +0000183240ms WARN  libpeer: rtp.c:534 RTP H264: sequence gap inside fragmented NALU (24892 -> 24918)
001083 +0000183980ms DEBUG signaling: received messages=1
001084 +0000184610ms INFO  libpeer: peer_connection.c:789 binding request timeout; keeping completed transport alive
001085 +0000184813ms WARN  libpeer: rtp.c:534 RTP H264: sequence gap inside fragmented NALU (25025 -> 25683)
001086 +0000184950ms WARN  libpeer: rtp.c:534 RTP H264: sequence gap inside fragmented NALU (25760 -> 25826)
001087 +0000184958ms WARN  libpeer: rtp.c:534 RTP H264: sequence gap inside fragmented NALU (25834 -> 25894)
001088 +0000185351ms WARN  libpeer: rtp.c:534 RTP H264: sequence gap inside fragmented NALU (26103 -> 26162)
001089 +0000185412ms ERROR video-decode: decode failed rc=-1 packet_bytes=7135
001090 +0000185422ms ERROR video-decode: decode failed rc=-1 packet_bytes=7063
001091 +0000185795ms DEBUG signaling: received messages=1
001092 +0000185847ms WARN  libpeer: rtp.c:534 RTP H264: sequence gap inside fragmented NALU (26399 -> 26404)
001093 +0000186470ms WARN  libpeer: rtp.c:534 RTP H264: sequence gap inside fragmented NALU (26690 -> 26720)
001094 +0000186603ms INFO  libpeer: peer_connection.c:789 binding request timeout; keeping completed transport alive
001095 +0000186604ms WARN  libpeer: rtp.c:534 RTP H264: sequence gap inside fragmented NALU (26757 -> 26800)
001096 +0000186617ms WARN  libpeer: rtp.c:534 RTP H264: sequence gap inside fragmented NALU (26800 -> 26803)
001097 +0000186619ms WARN  libpeer: rtp.c:534 RTP H264: sequence gap inside fragmented NALU (26809 -> 26839)
001098 +0000186709ms WARN  libpeer: rtp.c:534 RTP H264: sequence gap inside fragmented NALU (26864 -> 26931)
001099 +0000186963ms WARN  libpeer: rtp.c:534 RTP H264: sequence gap inside fragmented NALU (26955 -> 26994)
001100 +0000187433ms WARN  libpeer: rtp.c:534 RTP H264: sequence gap inside fragmented NALU (27025 -> 27064)
001101 +0000187585ms WARN  libpeer: rtp.c:534 RTP H264: sequence gap inside fragmented NALU (27109 -> 27137)
001102 +0000187689ms INFO  libpeer: peer_connection.c:730 RTP decrypted packet=10800 pt=96 ssrc=2 bytes=1164 expectedAudio=1 expectedVideo=2 route=video
001103 +0000187700ms WARN  libpeer: rtp.c:534 RTP H264: sequence gap inside fragmented NALU (27208 -> 27458)
001104 +0000188535ms INFO  libpeer: peer_connection.c:789 binding request timeout; keeping completed transport alive
001105 +0000188672ms DEBUG signaling: received messages=1
001106 +0000189163ms WARN  libpeer: rtp.c:534 RTP H264: sequence gap inside fragmented NALU (27617 -> 27775)
001107 +0000189215ms WARN  libpeer: rtp.c:534 RTP H264: sequence gap inside fragmented NALU (27783 -> 27914)
001108 +0000189221ms WARN  libpeer: rtp.c:534 RTP H264: sequence gap inside fragmented NALU (27917 -> 27921)
001109 +0000189227ms WARN  libpeer: rtp.c:534 RTP H264: sequence gap inside fragmented NALU (27924 -> 28044)
001110 +0000189234ms WARN  libpeer: rtp.c:534 RTP H264: sequence gap inside fragmented NALU (28049 -> 28076)
001111 +0000189263ms WARN  libpeer: rtp.c:534 RTP H264: sequence gap inside fragmented NALU (28118 -> 28146)
001112 +0000189364ms WARN  libpeer: rtp.c:534 RTP H264: sequence gap inside fragmented NALU (28226 -> 28255)
001113 +0000189443ms WARN  libpeer: rtp.c:534 RTP H264: sequence gap inside fragmented NALU (28295 -> 28320)
001114 +0000189587ms INFO  libpeer: peer_connection.c:789 binding request timeout; keeping completed transport alive
001115 +0000189848ms DEBUG signaling: received messages=1
001116 +0000190107ms WARN  libpeer: rtp.c:534 RTP H264: sequence gap inside fragmented NALU (28382 -> 28397)
001117 +0000190111ms WARN  libpeer: rtp.c:534 RTP H264: sequence gap inside fragmented NALU (28402 -> 28413)
001118 +0000190279ms INFO  libpeer: peer_connection.c:730 RTP decrypted packet=12000 pt=96 ssrc=2 bytes=1164 expectedAudio=1 expectedVideo=2 route=video
001119 +0000190315ms WARN  libpeer: rtp.c:534 RTP H264: sequence gap inside fragmented NALU (28574 -> 28652)
001120 +0000190557ms INFO  libpeer: peer_connection.c:789 binding request timeout; keeping completed transport alive
001121 +0000190986ms WARN  libpeer: rtp.c:534 RTP H264: sequence gap inside fragmented NALU (28735 -> 28806)
001122 +0000191042ms WARN  libpeer: rtp.c:534 RTP H264: sequence gap inside fragmented NALU (28812 -> 28915)
001123 +0000191051ms WARN  libpeer: rtp.c:534 RTP H264: sequence gap inside fragmented NALU (28916 -> 28918)
001124 +0000191054ms WARN  libpeer: rtp.c:534 RTP H264: sequence gap inside fragmented NALU (28960 -> 28962)
001125 +0000191139ms WARN  libpeer: rtp.c:534 RTP H264: sequence gap inside fragmented NALU (28976 -> 29006)
001126 +0000191232ms WARN  libpeer: rtp.c:534 RTP H264: sequence gap inside fragmented NALU (29044 -> 29076)
001127 +0000191314ms WARN  libpeer: rtp.c:534 RTP H264: sequence gap inside fragmented NALU (29127 -> 29159)
001128 +0000191414ms WARN  libpeer: rtp.c:534 RTP H264: sequence gap inside fragmented NALU (29188 -> 29261)
001129 +0000191489ms WARN  libpeer: rtp.c:534 RTP H264: sequence gap inside fragmented NALU (29289 -> 29310)
001130 +0000191491ms WARN  libpeer: rtp.c:534 RTP H264: sequence gap inside fragmented NALU (29313 -> 29324)
001131 +0000191520ms WARN  libpeer: rtp.c:534 RTP H264: sequence gap inside fragmented NALU (29332 -> 29337)
001132 +0000191992ms INFO  libpeer: peer_connection.c:730 RTP decrypted packet=13200 pt=97 ssrc=3 bytes=1166 expectedAudio=1 expectedVideo=2 route=video
001133 +0000192085ms WARN  libpeer: rtp.c:534 RTP H264: sequence gap inside fragmented NALU (29371 -> 29419)
001134 +0000192533ms INFO  libpeer: peer_connection.c:789 binding request timeout; keeping completed transport alive
001135 +0000192755ms DEBUG signaling: received messages=1
001136 +0000193250ms WARN  libpeer: rtp.c:534 RTP H264: sequence gap inside fragmented NALU (29536 -> 29980)
001137 +0000193347ms WARN  libpeer: rtp.c:534 RTP H264: sequence gap inside fragmented NALU (30127 -> 30165)
001138 +0000193351ms INFO  audio-rtp: RED unwrapped packet=1500 wire=731 headers=5 redundant=424 opus=302 primary_pt=111
001139 +0000193358ms WARN  libpeer: rtp.c:534 RTP H264: sequence gap inside fragmented NALU (30169 -> 30203)
001140 +0000193364ms WARN  libpeer: rtp.c:534 RTP H264: sequence gap inside fragmented NALU (30207 -> 30231)
001141 +0000193391ms WARN  libpeer: rtp.c:534 RTP H264: sequence gap inside fragmented NALU (30251 -> 30278)
001142 +0000193718ms DEBUG signaling: received messages=1
001143 +0000194059ms INFO  controller: special buttons raw=0x0020 mapped=0x0020 back=1 start=0 y=0 packet=195
001144 +0000194061ms INFO  stream-ui: BACK press observed mapped=0x0020
001145 +0000194148ms WARN  libpeer: rtp.c:534 RTP H264: sequence gap inside fragmented NALU (30377 -> 30383)
001146 +0000194153ms WARN  libpeer: rtp.c:534 RTP H264: sequence gap inside fragmented NALU (30409 -> 30445)
001147 +0000194270ms WARN  libpeer: rtp.c:534 RTP H264: sequence gap inside fragmented NALU (30636 -> 30644)
001148 +0000194272ms WARN  libpeer: rtp.c:534 RTP H264: sequence gap inside fragmented NALU (30644 -> 30677)
001149 +0000195034ms INFO  stream-ui: stream menu opened trigger=hold-back mode=gamepad back_age=973 start_age=0
001150 +0000195097ms INFO  ui: first stream overlay frame drawn chars=381 glyph_rects=3792 panel=0x00000000 text=0x00000000
001151 +0000195099ms INFO  ui: stream overlay shown immediate_repaint=1 chars=381
001152 +0000195447ms WARN  libpeer: rtp.c:534 RTP H264: sequence gap inside fragmented NALU (30813 -> 30998)
001153 +0000195523ms INFO  libpeer: peer_connection.c:789 binding request timeout; keeping completed transport alive
001154 +0000195525ms WARN  libpeer: rtp.c:534 RTP H264: sequence gap inside fragmented NALU (31005 -> 31032)
001155 +0000195612ms INFO  controller: special buttons raw=0x0000 mapped=0x0000 back=0 start=0 y=0 packet=196
001156 +0000195616ms DEBUG signaling: received messages=1
001157 +0000195622ms WARN  libpeer: rtp.c:534 RTP H264: sequence gap inside fragmented NALU (31153 -> 31186)
001158 +0000195633ms WARN  libpeer: rtp.c:534 RTP H264: sequence gap inside fragmented NALU (31266 -> 31291)
001159 +0000195727ms WARN  libpeer: rtp.c:534 RTP H264: sequence gap inside fragmented NALU (31312 -> 31398)
001160 +0000195915ms INFO  stream-ui: menu rendered direction=down index=1 item=INPUT MODE
001161 +0000196348ms WARN  libpeer: rtp.c:534 RTP H264: sequence gap inside fragmented NALU (31451 -> 31461)
001162 +0000196408ms WARN  libpeer: rtp.c:534 RTP H264: sequence gap inside fragmented NALU (31464 -> 31503)
001163 +0000196496ms WARN  libpeer: rtp.c:534 RTP H264: sequence gap inside fragmented NALU (31540 -> 31544)
001164 +0000196499ms WARN  libpeer: rtp.c:534 RTP H264: sequence gap inside fragmented NALU (31547 -> 31590)
001165 +0000196507ms WARN  libpeer: rtp.c:534 RTP H264: sequence gap inside fragmented NALU (31597 -> 31627)
001166 +0000196538ms INFO  libpeer: peer_connection.c:789 binding request timeout; keeping completed transport alive
001167 +0000196540ms WARN  libpeer: rtp.c:534 RTP H264: sequence gap inside fragmented NALU (31675 -> 31706)
001168 +0000196599ms WARN  libpeer: rtp.c:534 RTP H264: sequence gap inside fragmented NALU (31761 -> 31834)
001169 +0000196687ms WARN  libpeer: rtp.c:534 RTP H264: sequence gap inside fragmented NALU (31864 -> 31883)
001170 +0000196717ms INFO  libpeer: peer_connection.c:730 RTP decrypted packet=14400 pt=97 ssrc=3 bytes=1166 expectedAudio=1 expectedVideo=2 route=video
001171 +0000196910ms WARN  libpeer: rtp.c:534 RTP H264: sequence gap inside fragmented NALU (31886 -> 31907)
001172 +0000197495ms INFO  libpeer: sctp.c:532 Unknown chunk type 4
001173 +0000197547ms INFO  libpeer: peer_connection.c:789 binding request timeout; keeping completed transport alive
001174 +0000197548ms WARN  libpeer: rtp.c:534 RTP H264: sequence gap inside fragmented NALU (31982 -> 32003)
001175 +0000197553ms DEBUG signaling: received messages=1
001176 +0000197559ms WARN  libpeer: rtp.c:534 RTP H264: sequence gap inside fragmented NALU (32009 -> 32063)
001177 +0000197562ms WARN  libpeer: rtp.c:534 RTP H264: sequence gap inside fragmented NALU (32069 -> 32072)
001178 +0000197569ms WARN  libpeer: rtp.c:534 RTP H264: sequence gap inside fragmented NALU (32142 -> 32186)
001179 +0000197574ms WARN  libpeer: rtp.c:534 RTP H264: sequence gap inside fragmented NALU (32192 -> 32233)
001180 +0000197577ms INFO  libpeer: peer_connection.c:730 RTP decrypted packet=15600 pt=96 ssrc=2 bytes=1164 expectedAudio=1 expectedVideo=2 route=video
001181 +0000197581ms WARN  libpeer: rtp.c:534 RTP H264: sequence gap inside fragmented NALU (32242 -> 32259)
001182 +0000198133ms INFO  stream-ui: menu rendered direction=down index=2 item=OPEN KEYBOARD
001183 +0000198540ms INFO  libpeer: peer_connection.c:789 binding request timeout; keeping completed transport alive
001184 +0000198701ms WARN  libpeer: rtp.c:534 RTP H264: sequence gap inside fragmented NALU (32470 -> 32512)
001185 +0000198707ms WARN  libpeer: rtp.c:534 RTP H264: sequence gap inside fragmented NALU (32518 -> 32630)
001186 +0000198793ms WARN  libpeer: rtp.c:534 RTP H264: sequence gap inside fragmented NALU (32669 -> 32700)
001187 +0000198801ms INFO  stream-ui: menu rendered direction=down index=3 item=OPEN GFN OVERLAY - GUIDE
001188 +0000198807ms WARN  libpeer: rtp.c:534 RTP H264: sequence gap inside fragmented NALU (32700 -> 32735)
001189 +0000198892ms WARN  libpeer: rtp.c:534 RTP H264: sequence gap inside fragmented NALU (32776 -> 32818)
001190 +0000198898ms WARN  libpeer: rtp.c:534 RTP H264: sequence gap inside fragmented NALU (32818 -> 32822)
001191 +0000198909ms WARN  libpeer: rtp.c:534 RTP H264: sequence gap inside fragmented NALU (32827 -> 32889)
001192 +0000198936ms WARN  libpeer: rtp.c:534 RTP H264: sequence gap inside fragmented NALU (32936 -> 32938)
001193 +0000198938ms WARN  libpeer: rtp.c:534 RTP H264: sequence gap inside fragmented NALU (32950 -> 32994)
001194 +0000198948ms WARN  libpeer: rtp.c:534 RTP H264: sequence gap inside fragmented NALU (32995 -> 33003)
001195 +0000199406ms WARN  libpeer: rtp.c:534 RTP H264: sequence gap inside fragmented NALU (33130 -> 33135)
001196 +0000199464ms WARN  libpeer: rtp.c:534 RTP H264: sequence gap inside fragmented NALU (33136 -> 33150)
001197 +0000199636ms DEBUG signaling: received messages=1
001198 +0000199653ms WARN  libpeer: rtp.c:534 RTP H264: sequence gap inside fragmented NALU (33193 -> 33227)
001199 +0000200008ms WARN  libpeer: rtp.c:534 RTP H264: sequence gap inside fragmented NALU (33274 -> 33433)
001200 +0000200411ms INFO  stream-ui: menu rendered direction=down index=4 item=RETURN TO LIBRARY - END SESSION
001201 +0000200573ms INFO  libpeer: peer_connection.c:789 binding request timeout; keeping completed transport alive
001202 +0000200825ms WARN  libpeer: rtp.c:534 RTP H264: sequence gap inside fragmented NALU (33490 -> 33639)
001203 +0000200996ms WARN  libpeer: rtp.c:534 RTP H264: sequence gap inside fragmented NALU (33642 -> 33673)
001204 +0000200999ms WARN  libpeer: rtp.c:534 RTP H264: sequence gap inside fragmented NALU (33678 -> 33705)
001205 +0000201004ms INFO  stream-ui: return to library selected
001206 +0000201006ms INFO  ui: stream overlay hidden immediate_repaint=1 chars=0
001207 +0000201008ms INFO  stream: stopping media and CloudMatch session
001208 +0000201010ms INFO  webrtc: stop begin state=input handshake v3 video_packets=685 decoded=445 video_failures=240 audio_packets=1737 audio_failures=0 gamepad=1211 mouse=0 keys=0
001209 +0000201013ms INFO  websocket: connection closed
001210 +0000201016ms INFO  webrtc: stop complete
001211 +0000201018ms INFO  http: request begin method=DELETE url=https://prod.cloudmatchbeta.nvidiagrid.net/v2/session/<redacted> request_bytes=0 headers=15
001212 +0000201020ms INFO  tls: connect begin host=prod.cloudmatchbeta.nvidiagrid.net port=443 ca=game:\cacert.pem
001213 +0000201022ms INFO  socket: preflight mode=XNet bypass-security plus DashLaunch sockpatch
001214 +0000201053ms INFO  dns: lookup complete host=prod.cloudmatchbeta.nvidiagrid.net status=0 addresses=4 elapsed_ms=28
001215 +0000201055ms INFO  socket: resolved endpoint host=prod.cloudmatchbeta.nvidiagrid.net ipv4=66.22.152.39 port=443 raw=0x42169827
001216 +0000201057ms DEBUG socket: probe attempt=1 strategy=5801-only create=0x1a541000 wsa=0
001217 +0000201079ms INFO  socket: probe result strategy=5801-only opt5802=0/0 opt5801=0/0 connect=0/0 elapsed_ms=59
001218 +0000201081ms DEBUG tls: CA load begin path=game:\cacert.pem
001219 +0000201125ms INFO  tls: CA load complete path=game:\cacert.pem bytes=188900 skipped_certificates=59
001220 +0000201127ms INFO  tls: handshake begin host=prod.cloudmatchbeta.nvidiagrid.net
001221 +0000201196ms INFO  tls: connect complete host=prod.cloudmatchbeta.nvidiagrid.net port=443 spins=0 elapsed_ms=176
001222 +0000201455ms INFO  http: request end method=DELETE url=https://prod.cloudmatchbeta.nvidiagrid.net/v2/session/<redacted> status=200 response_bytes=235 elapsed_ms=437
001223 +0000201611ms INFO  session: session shutdown complete
001224 +0000202322ms INFO  catalog: fetching authenticated catalog
001225 +0000202418ms INFO  http: request begin method=GET url=https://prod.cloudmatchbeta.nvidiagrid.net/v2/serverInfo request_bytes=0 headers=15
001226 +0000202420ms INFO  tls: connect begin host=prod.cloudmatchbeta.nvidiagrid.net port=443 ca=game:\cacert.pem
001227 +0000202422ms INFO  socket: preflight mode=XNet bypass-security plus DashLaunch sockpatch
001228 +0000202442ms INFO  dns: lookup complete host=prod.cloudmatchbeta.nvidiagrid.net status=0 addresses=4 elapsed_ms=18
001229 +0000202444ms INFO  socket: resolved endpoint host=prod.cloudmatchbeta.nvidiagrid.net ipv4=66.22.152.37 port=443 raw=0x42169825
001230 +0000202446ms DEBUG socket: probe attempt=1 strategy=5801-only create=0x1a542000 wsa=0
001231 +0000202473ms INFO  socket: probe result strategy=5801-only opt5802=0/0 opt5801=0/0 connect=0/0 elapsed_ms=53
001232 +0000202475ms DEBUG tls: CA load begin path=game:\cacert.pem
001233 +0000202517ms INFO  tls: CA load complete path=game:\cacert.pem bytes=188900 skipped_certificates=59
001234 +0000202519ms INFO  tls: handshake begin host=prod.cloudmatchbeta.nvidiagrid.net
001235 +0000202598ms INFO  tls: connect complete host=prod.cloudmatchbeta.nvidiagrid.net port=443 spins=0 elapsed_ms=178
001236 +0000202634ms INFO  http: request end method=GET url=https://prod.cloudmatchbeta.nvidiagrid.net/v2/serverInfo status=200 response_bytes=9205 elapsed_ms=216
001237 +0000202638ms INFO  http: request begin method=POST url=https://games.geforce.com/graphql request_bytes=720 headers=16
001238 +0000202640ms INFO  tls: connect begin host=games.geforce.com port=443 ca=game:\cacert.pem
001239 +0000202642ms INFO  socket: preflight mode=XNet bypass-security plus DashLaunch sockpatch
001240 +0000202680ms INFO  dns: lookup complete host=games.geforce.com status=0 addresses=4 elapsed_ms=36
001241 +0000202682ms INFO  socket: resolved endpoint host=games.geforce.com ipv4=13.225.196.30 port=443 raw=0x0de1c41e
001242 +0000202687ms DEBUG socket: probe attempt=1 strategy=5801-only create=0x1a543000 wsa=0
001243 +0000202693ms INFO  socket: probe result strategy=5801-only opt5802=0/0 opt5801=0/0 connect=0/0 elapsed_ms=54
001244 +0000202695ms DEBUG tls: CA load begin path=game:\cacert.pem
001245 +0000202737ms INFO  tls: CA load complete path=game:\cacert.pem bytes=188900 skipped_certificates=59
001246 +0000202739ms INFO  tls: handshake begin host=games.geforce.com
001247 +0000202786ms INFO  tls: connect complete host=games.geforce.com port=443 spins=0 elapsed_ms=147
001248 +0000204223ms INFO  http: request end method=POST url=https://games.geforce.com/graphql status=200 response_bytes=350044 elapsed_ms=1584
001249 +0000204339ms INFO  catalog: page fetched page=1 items=120 accumulated=120 total=5958 has_next=1 cursor_advanced=1
001250 +0000204345ms INFO  http: request begin method=POST url=https://games.geforce.com/graphql request_bytes=724 headers=16
001251 +0000204347ms INFO  tls: connect begin host=games.geforce.com port=443 ca=game:\cacert.pem
001252 +0000204349ms INFO  socket: preflight mode=XNet bypass-security plus DashLaunch sockpatch
001253 +0000204360ms INFO  dns: lookup complete host=games.geforce.com status=0 addresses=4 elapsed_ms=9
001254 +0000204364ms INFO  socket: resolved endpoint host=games.geforce.com ipv4=13.225.196.27 port=443 raw=0x0de1c41b
001255 +0000204366ms DEBUG socket: probe attempt=1 strategy=5801-only create=0x1a544000 wsa=0
001256 +0000204383ms INFO  socket: probe result strategy=5801-only opt5802=0/0 opt5801=0/0 connect=0/0 elapsed_ms=36
001257 +0000204385ms DEBUG tls: CA load begin path=game:\cacert.pem
001258 +0000204428ms INFO  tls: CA load complete path=game:\cacert.pem bytes=188900 skipped_certificates=59
001259 +0000204430ms INFO  tls: handshake begin host=games.geforce.com
001260 +0000204488ms INFO  tls: connect complete host=games.geforce.com port=443 spins=0 elapsed_ms=141
001261 +0000206067ms INFO  http: request end method=POST url=https://games.geforce.com/graphql status=200 response_bytes=360955 elapsed_ms=1722
001262 +0000206178ms INFO  catalog: page fetched page=2 items=120 accumulated=240 total=5958 has_next=1 cursor_advanced=1
001263 +0000206185ms INFO  http: request begin method=POST url=https://games.geforce.com/graphql request_bytes=724 headers=16
001264 +0000206187ms INFO  tls: connect begin host=games.geforce.com port=443 ca=game:\cacert.pem
001265 +0000206189ms INFO  socket: preflight mode=XNet bypass-security plus DashLaunch sockpatch
001266 +0000206197ms INFO  dns: lookup complete host=games.geforce.com status=0 addresses=4 elapsed_ms=6
001267 +0000206200ms INFO  socket: resolved endpoint host=games.geforce.com ipv4=13.225.196.30 port=443 raw=0x0de1c41e
001268 +0000206202ms DEBUG socket: probe attempt=1 strategy=5801-only create=0x1a545000 wsa=0
001269 +0000206209ms INFO  socket: probe result strategy=5801-only opt5802=0/0 opt5801=0/0 connect=0/0 elapsed_ms=22
001270 +0000206210ms DEBUG tls: CA load begin path=game:\cacert.pem
001271 +0000206253ms INFO  tls: CA load complete path=game:\cacert.pem bytes=188900 skipped_certificates=59
001272 +0000206255ms INFO  tls: handshake begin host=games.geforce.com
001273 +0000206306ms INFO  tls: connect complete host=games.geforce.com port=443 spins=0 elapsed_ms=119
001274 +0000207178ms INFO  http: request end method=POST url=https://games.geforce.com/graphql status=200 response_bytes=335445 elapsed_ms=993
001275 +0000207286ms INFO  catalog: page fetched page=3 items=120 accumulated=360 total=5958 has_next=1 cursor_advanced=1
001276 +0000207293ms INFO  http: request begin method=POST url=https://games.geforce.com/graphql request_bytes=724 headers=16
001277 +0000207295ms INFO  tls: connect begin host=games.geforce.com port=443 ca=game:\cacert.pem
001278 +0000207297ms INFO  socket: preflight mode=XNet bypass-security plus DashLaunch sockpatch
001279 +0000207311ms INFO  dns: lookup complete host=games.geforce.com status=0 addresses=4 elapsed_ms=12
001280 +0000207313ms INFO  socket: resolved endpoint host=games.geforce.com ipv4=13.225.196.118 port=443 raw=0x0de1c476
001281 +0000207316ms DEBUG socket: probe attempt=1 strategy=5801-only create=0x1a546000 wsa=0
001282 +0000207323ms INFO  socket: probe result strategy=5801-only opt5802=0/0 opt5801=0/0 connect=0/0 elapsed_ms=28
001283 +0000207325ms DEBUG tls: CA load begin path=game:\cacert.pem
001284 +0000207370ms INFO  tls: CA load complete path=game:\cacert.pem bytes=188900 skipped_certificates=59
001285 +0000207372ms INFO  tls: handshake begin host=games.geforce.com
001286 +0000207440ms INFO  tls: connect complete host=games.geforce.com port=443 spins=0 elapsed_ms=145
001287 +0000208939ms INFO  http: request end method=POST url=https://games.geforce.com/graphql status=200 response_bytes=324065 elapsed_ms=1646
001288 +0000209046ms INFO  catalog: page fetched page=4 items=120 accumulated=480 total=5958 has_next=1 cursor_advanced=1
001289 +0000209052ms INFO  http: request begin method=POST url=https://games.geforce.com/graphql request_bytes=724 headers=16
001290 +0000209054ms INFO  tls: connect begin host=games.geforce.com port=443 ca=game:\cacert.pem
001291 +0000209056ms INFO  socket: preflight mode=XNet bypass-security plus DashLaunch sockpatch
001292 +0000209066ms INFO  dns: lookup complete host=games.geforce.com status=0 addresses=4 elapsed_ms=8
001293 +0000209069ms INFO  socket: resolved endpoint host=games.geforce.com ipv4=13.225.196.29 port=443 raw=0x0de1c41d
001294 +0000209071ms DEBUG socket: probe attempt=1 strategy=5801-only create=0x1a547000 wsa=0
001295 +0000209078ms INFO  socket: probe result strategy=5801-only opt5802=0/0 opt5801=0/0 connect=0/0 elapsed_ms=24
001296 +0000209080ms DEBUG tls: CA load begin path=game:\cacert.pem
001297 +0000209123ms INFO  tls: CA load complete path=game:\cacert.pem bytes=188900 skipped_certificates=59
001298 +0000209125ms INFO  tls: handshake begin host=games.geforce.com
001299 +0000209187ms INFO  tls: connect complete host=games.geforce.com port=443 spins=0 elapsed_ms=133
001300 +0000210056ms INFO  http: request end method=POST url=https://games.geforce.com/graphql status=200 response_bytes=351232 elapsed_ms=1004
001301 +0000210167ms INFO  catalog: page fetched page=5 items=120 accumulated=600 total=5958 has_next=1 cursor_advanced=1
001302 +0000210173ms INFO  http: request begin method=POST url=https://games.geforce.com/graphql request_bytes=724 headers=16
001303 +0000210175ms INFO  tls: connect begin host=games.geforce.com port=443 ca=game:\cacert.pem
001304 +0000210176ms INFO  socket: preflight mode=XNet bypass-security plus DashLaunch sockpatch
001305 +0000210184ms INFO  dns: lookup complete host=games.geforce.com status=0 addresses=4 elapsed_ms=6
001306 +0000210186ms INFO  socket: resolved endpoint host=games.geforce.com ipv4=13.225.196.27 port=443 raw=0x0de1c41b
001307 +0000210188ms DEBUG socket: probe attempt=1 strategy=5801-only create=0x1a548000 wsa=0
001308 +0000210196ms INFO  socket: probe result strategy=5801-only opt5802=0/0 opt5801=0/0 connect=0/0 elapsed_ms=21
001309 +0000210198ms DEBUG tls: CA load begin path=game:\cacert.pem
001310 +0000210240ms INFO  tls: CA load complete path=game:\cacert.pem bytes=188900 skipped_certificates=59
001311 +0000210242ms INFO  tls: handshake begin host=games.geforce.com
001312 +0000210293ms INFO  tls: connect complete host=games.geforce.com port=443 spins=0 elapsed_ms=118
001313 +0000211236ms INFO  http: request end method=POST url=https://games.geforce.com/graphql status=200 response_bytes=341626 elapsed_ms=1063
001314 +0000211356ms INFO  catalog: page fetched page=6 items=120 accumulated=720 total=5958 has_next=1 cursor_advanced=1
001315 +0000211362ms INFO  http: request begin method=POST url=https://games.geforce.com/graphql request_bytes=724 headers=16
001316 +0000211365ms INFO  tls: connect begin host=games.geforce.com port=443 ca=game:\cacert.pem
001317 +0000211369ms INFO  socket: preflight mode=XNet bypass-security plus DashLaunch sockpatch
001318 +0000211392ms INFO  dns: lookup complete host=games.geforce.com status=0 addresses=4 elapsed_ms=20
001319 +0000211394ms INFO  socket: resolved endpoint host=games.geforce.com ipv4=13.225.196.30 port=443 raw=0x0de1c41e
001320 +0000211397ms DEBUG socket: probe attempt=1 strategy=5801-only create=0x1a549000 wsa=0
001321 +0000211403ms INFO  socket: probe result strategy=5801-only opt5802=0/0 opt5801=0/0 connect=0/0 elapsed_ms=38
001322 +0000211405ms DEBUG tls: CA load begin path=game:\cacert.pem
001323 +0000211448ms INFO  tls: CA load complete path=game:\cacert.pem bytes=188900 skipped_certificates=59
001324 +0000211450ms INFO  tls: handshake begin host=games.geforce.com
001325 +0000211499ms INFO  tls: connect complete host=games.geforce.com port=443 spins=0 elapsed_ms=134
001326 +0000212375ms INFO  http: request end method=POST url=https://games.geforce.com/graphql status=200 response_bytes=326049 elapsed_ms=1013
001327 +0000212481ms INFO  catalog: page fetched page=7 items=120 accumulated=840 total=5958 has_next=1 cursor_advanced=1
001328 +0000212487ms INFO  http: request begin method=POST url=https://games.geforce.com/graphql request_bytes=724 headers=16
001329 +0000212489ms INFO  tls: connect begin host=games.geforce.com port=443 ca=game:\cacert.pem
001330 +0000212491ms INFO  socket: preflight mode=XNet bypass-security plus DashLaunch sockpatch
001331 +0000212521ms INFO  dns: lookup complete host=games.geforce.com status=0 addresses=4 elapsed_ms=28
001332 +0000212523ms INFO  socket: resolved endpoint host=games.geforce.com ipv4=13.225.196.118 port=443 raw=0x0de1c476
001333 +0000212525ms DEBUG socket: probe attempt=1 strategy=5801-only create=0x1a54a000 wsa=0
001334 +0000212541ms INFO  socket: probe result strategy=5801-only opt5802=0/0 opt5801=0/0 connect=0/0 elapsed_ms=52
001335 +0000212543ms DEBUG tls: CA load begin path=game:\cacert.pem
001336 +0000212585ms INFO  tls: CA load complete path=game:\cacert.pem bytes=188900 skipped_certificates=59
001337 +0000212587ms INFO  tls: handshake begin host=games.geforce.com
001338 +0000212746ms INFO  tls: connect complete host=games.geforce.com port=443 spins=0 elapsed_ms=257
001339 +0000214311ms INFO  http: request end method=POST url=https://games.geforce.com/graphql status=200 response_bytes=341909 elapsed_ms=1824
001340 +0000214417ms INFO  catalog: page fetched page=8 items=120 accumulated=960 total=5958 has_next=1 cursor_advanced=1
001341 +0000214423ms INFO  http: request begin method=POST url=https://games.geforce.com/graphql request_bytes=724 headers=16
001342 +0000214425ms INFO  tls: connect begin host=games.geforce.com port=443 ca=game:\cacert.pem
001343 +0000214427ms INFO  socket: preflight mode=XNet bypass-security plus DashLaunch sockpatch
001344 +0000214435ms INFO  dns: lookup complete host=games.geforce.com status=0 addresses=4 elapsed_ms=6
001345 +0000214439ms INFO  socket: resolved endpoint host=games.geforce.com ipv4=13.225.196.29 port=443 raw=0x0de1c41d
001346 +0000214441ms DEBUG socket: probe attempt=1 strategy=5801-only create=0x1a54b000 wsa=0
001347 +0000214447ms INFO  socket: probe result strategy=5801-only opt5802=0/0 opt5801=0/0 connect=0/0 elapsed_ms=22
001348 +0000214449ms DEBUG tls: CA load begin path=game:\cacert.pem
001349 +0000214493ms INFO  tls: CA load complete path=game:\cacert.pem bytes=188900 skipped_certificates=59
001350 +0000214495ms INFO  tls: handshake begin host=games.geforce.com
001351 +0000214556ms INFO  tls: connect complete host=games.geforce.com port=443 spins=0 elapsed_ms=131
001352 +0000215604ms INFO  http: request end method=POST url=https://games.geforce.com/graphql status=200 response_bytes=367357 elapsed_ms=1181
001353 +0000215726ms INFO  catalog: page fetched page=9 items=120 accumulated=1080 total=5958 has_next=1 cursor_advanced=1
001354 +0000215733ms INFO  http: request begin method=POST url=https://games.geforce.com/graphql request_bytes=728 headers=16
001355 +0000215735ms INFO  tls: connect begin host=games.geforce.com port=443 ca=game:\cacert.pem
001356 +0000215737ms INFO  socket: preflight mode=XNet bypass-security plus DashLaunch sockpatch
001357 +0000215745ms INFO  dns: lookup complete host=games.geforce.com status=0 addresses=4 elapsed_ms=6
001358 +0000215748ms INFO  socket: resolved endpoint host=games.geforce.com ipv4=13.225.196.27 port=443 raw=0x0de1c41b
001359 +0000215750ms DEBUG socket: probe attempt=1 strategy=5801-only create=0x1a54c000 wsa=0
001360 +0000215760ms INFO  socket: probe result strategy=5801-only opt5802=0/0 opt5801=0/0 connect=0/0 elapsed_ms=25
001361 +0000215761ms DEBUG tls: CA load begin path=game:\cacert.pem
001362 +0000215803ms INFO  tls: CA load complete path=game:\cacert.pem bytes=188900 skipped_certificates=59
001363 +0000215805ms INFO  tls: handshake begin host=games.geforce.com
001364 +0000215860ms INFO  tls: connect complete host=games.geforce.com port=443 spins=0 elapsed_ms=125
001365 +0000216981ms INFO  http: request end method=POST url=https://games.geforce.com/graphql status=200 response_bytes=325704 elapsed_ms=1248
001366 +0000217089ms INFO  catalog: page fetched page=10 items=120 accumulated=1200 total=5958 has_next=1 cursor_advanced=1
001367 +0000217095ms INFO  http: request begin method=POST url=https://games.geforce.com/graphql request_bytes=728 headers=16
001368 +0000217097ms INFO  tls: connect begin host=games.geforce.com port=443 ca=game:\cacert.pem
001369 +0000217099ms INFO  socket: preflight mode=XNet bypass-security plus DashLaunch sockpatch
001370 +0000217109ms INFO  dns: lookup complete host=games.geforce.com status=0 addresses=4 elapsed_ms=8
001371 +0000217111ms INFO  socket: resolved endpoint host=games.geforce.com ipv4=13.225.196.30 port=443 raw=0x0de1c41e
001372 +0000217113ms DEBUG socket: probe attempt=1 strategy=5801-only create=0x1a54d000 wsa=0
001373 +0000217121ms INFO  socket: probe result strategy=5801-only opt5802=0/0 opt5801=0/0 connect=0/0 elapsed_ms=24
001374 +0000217124ms DEBUG tls: CA load begin path=game:\cacert.pem
001375 +0000217167ms INFO  tls: CA load complete path=game:\cacert.pem bytes=188900 skipped_certificates=59
001376 +0000217169ms INFO  tls: handshake begin host=games.geforce.com
001377 +0000217224ms INFO  tls: connect complete host=games.geforce.com port=443 spins=0 elapsed_ms=127
001378 +0000218465ms INFO  http: request end method=POST url=https://games.geforce.com/graphql status=200 response_bytes=319676 elapsed_ms=1370
001379 +0000218573ms INFO  catalog: page fetched page=11 items=120 accumulated=1320 total=5958 has_next=1 cursor_advanced=1
001380 +0000218579ms INFO  http: request begin method=POST url=https://games.geforce.com/graphql request_bytes=728 headers=16
001381 +0000218581ms INFO  tls: connect begin host=games.geforce.com port=443 ca=game:\cacert.pem
001382 +0000218583ms INFO  socket: preflight mode=XNet bypass-security plus DashLaunch sockpatch
001383 +0000218591ms INFO  dns: lookup complete host=games.geforce.com status=0 addresses=4 elapsed_ms=6
001384 +0000218594ms INFO  socket: resolved endpoint host=games.geforce.com ipv4=13.225.196.118 port=443 raw=0x0de1c476
001385 +0000218597ms DEBUG socket: probe attempt=1 strategy=5801-only create=0x1a54e000 wsa=0
001386 +0000218604ms INFO  socket: probe result strategy=5801-only opt5802=0/0 opt5801=0/0 connect=0/0 elapsed_ms=23
001387 +0000218606ms DEBUG tls: CA load begin path=game:\cacert.pem
001388 +0000218650ms INFO  tls: CA load complete path=game:\cacert.pem bytes=188900 skipped_certificates=59
001389 +0000218652ms INFO  tls: handshake begin host=games.geforce.com
001390 +0000218722ms INFO  tls: connect complete host=games.geforce.com port=443 spins=0 elapsed_ms=141
001391 +0000220576ms INFO  http: request end method=POST url=https://games.geforce.com/graphql status=200 response_bytes=336139 elapsed_ms=1997
001392 +0000220686ms INFO  catalog: page fetched page=12 items=120 accumulated=1440 total=5958 has_next=1 cursor_advanced=1
001393 +0000220692ms INFO  http: request begin method=POST url=https://games.geforce.com/graphql request_bytes=728 headers=16
001394 +0000220694ms INFO  tls: connect begin host=games.geforce.com port=443 ca=game:\cacert.pem
001395 +0000220695ms INFO  socket: preflight mode=XNet bypass-security plus DashLaunch sockpatch
001396 +0000220717ms INFO  dns: lookup complete host=games.geforce.com status=0 addresses=4 elapsed_ms=20
001397 +0000220722ms INFO  socket: resolved endpoint host=games.geforce.com ipv4=13.225.196.29 port=443 raw=0x0de1c41d
001398 +0000220724ms DEBUG socket: probe attempt=1 strategy=5801-only create=0x1a54f000 wsa=0
001399 +0000220730ms INFO  socket: probe result strategy=5801-only opt5802=0/0 opt5801=0/0 connect=0/0 elapsed_ms=36
001400 +0000220732ms DEBUG tls: CA load begin path=game:\cacert.pem
001401 +0000220772ms INFO  tls: CA load complete path=game:\cacert.pem bytes=188900 skipped_certificates=59
001402 +0000220774ms INFO  tls: handshake begin host=games.geforce.com
001403 +0000220829ms INFO  tls: connect complete host=games.geforce.com port=443 spins=0 elapsed_ms=135
001404 +0000222033ms INFO  http: request end method=POST url=https://games.geforce.com/graphql status=200 response_bytes=329761 elapsed_ms=1341
001405 +0000222145ms INFO  catalog: page fetched page=13 items=120 accumulated=1560 total=5958 has_next=1 cursor_advanced=1
001406 +0000222151ms INFO  http: request begin method=POST url=https://games.geforce.com/graphql request_bytes=728 headers=16
001407 +0000222153ms INFO  tls: connect begin host=games.geforce.com port=443 ca=game:\cacert.pem
001408 +0000222155ms INFO  socket: preflight mode=XNet bypass-security plus DashLaunch sockpatch
001409 +0000222165ms INFO  dns: lookup complete host=games.geforce.com status=0 addresses=4 elapsed_ms=8
001410 +0000222167ms INFO  socket: resolved endpoint host=games.geforce.com ipv4=13.225.196.27 port=443 raw=0x0de1c41b
001411 +0000222169ms DEBUG socket: probe attempt=1 strategy=5801-only create=0x1a550000 wsa=0
001412 +0000222177ms INFO  socket: probe result strategy=5801-only opt5802=0/0 opt5801=0/0 connect=0/0 elapsed_ms=24
001413 +0000222179ms DEBUG tls: CA load begin path=game:\cacert.pem
001414 +0000222221ms INFO  tls: CA load complete path=game:\cacert.pem bytes=188900 skipped_certificates=59
001415 +0000222223ms INFO  tls: handshake begin host=games.geforce.com
001416 +0000222282ms INFO  tls: connect complete host=games.geforce.com port=443 spins=0 elapsed_ms=129
001417 +0000223530ms INFO  http: request end method=POST url=https://games.geforce.com/graphql status=200 response_bytes=369161 elapsed_ms=1379
001418 +0000223655ms INFO  catalog: page fetched page=14 items=120 accumulated=1680 total=5958 has_next=1 cursor_advanced=1
001419 +0000223662ms INFO  http: request begin method=POST url=https://games.geforce.com/graphql request_bytes=728 headers=16
001420 +0000223666ms INFO  tls: connect begin host=games.geforce.com port=443 ca=game:\cacert.pem
001421 +0000223670ms INFO  socket: preflight mode=XNet bypass-security plus DashLaunch sockpatch
001422 +0000223683ms INFO  dns: lookup complete host=games.geforce.com status=0 addresses=4 elapsed_ms=11
001423 +0000223685ms INFO  socket: resolved endpoint host=games.geforce.com ipv4=13.225.196.30 port=443 raw=0x0de1c41e
001424 +0000223687ms DEBUG socket: probe attempt=1 strategy=5801-only create=0x1a551000 wsa=0
001425 +0000223693ms INFO  socket: probe result strategy=5801-only opt5802=0/0 opt5801=0/0 connect=0/0 elapsed_ms=27
001426 +0000223695ms DEBUG tls: CA load begin path=game:\cacert.pem
001427 +0000223737ms INFO  tls: CA load complete path=game:\cacert.pem bytes=188900 skipped_certificates=59
001428 +0000223739ms INFO  tls: handshake begin host=games.geforce.com
001429 +0000223785ms INFO  tls: connect complete host=games.geforce.com port=443 spins=0 elapsed_ms=119
001430 +0000225433ms INFO  http: request end method=POST url=https://games.geforce.com/graphql status=200 response_bytes=335093 elapsed_ms=1771
001431 +0000225543ms INFO  catalog: page fetched page=15 items=120 accumulated=1800 total=5958 has_next=1 cursor_advanced=1
001432 +0000225549ms INFO  http: request begin method=POST url=https://games.geforce.com/graphql request_bytes=728 headers=16
001433 +0000225551ms INFO  tls: connect begin host=games.geforce.com port=443 ca=game:\cacert.pem
001434 +0000225553ms INFO  socket: preflight mode=XNet bypass-security plus DashLaunch sockpatch
001435 +0000225562ms INFO  dns: lookup complete host=games.geforce.com status=0 addresses=4 elapsed_ms=7
001436 +0000225565ms INFO  socket: resolved endpoint host=games.geforce.com ipv4=13.225.196.118 port=443 raw=0x0de1c476
001437 +0000225567ms DEBUG socket: probe attempt=1 strategy=5801-only create=0x1a552000 wsa=0
001438 +0000225576ms INFO  socket: probe result strategy=5801-only opt5802=0/0 opt5801=0/0 connect=0/0 elapsed_ms=25
001439 +0000225578ms DEBUG tls: CA load begin path=game:\cacert.pem
001440 +0000225620ms INFO  tls: CA load complete path=game:\cacert.pem bytes=188900 skipped_certificates=59
001441 +0000225622ms INFO  tls: handshake begin host=games.geforce.com
001442 +0000225682ms INFO  tls: connect complete host=games.geforce.com port=443 spins=0 elapsed_ms=131
001443 +0000226934ms INFO  http: request end method=POST url=https://games.geforce.com/graphql status=200 response_bytes=316066 elapsed_ms=1385
001444 +0000227035ms INFO  catalog: page fetched page=16 items=120 accumulated=1920 total=5958 has_next=1 cursor_advanced=1
001445 +0000227041ms INFO  http: request begin method=POST url=https://games.geforce.com/graphql request_bytes=728 headers=16
001446 +0000227044ms INFO  tls: connect begin host=games.geforce.com port=443 ca=game:\cacert.pem
001447 +0000227048ms INFO  socket: preflight mode=XNet bypass-security plus DashLaunch sockpatch
001448 +0000227065ms INFO  dns: lookup complete host=games.geforce.com status=0 addresses=4 elapsed_ms=14
001449 +0000227067ms INFO  socket: resolved endpoint host=games.geforce.com ipv4=13.225.196.29 port=443 raw=0x0de1c41d
001450 +0000227069ms DEBUG socket: probe attempt=1 strategy=5801-only create=0x1a553000 wsa=0
001451 +0000227076ms INFO  socket: probe result strategy=5801-only opt5802=0/0 opt5801=0/0 connect=0/0 elapsed_ms=32
001452 +0000227077ms DEBUG tls: CA load begin path=game:\cacert.pem
001453 +0000227121ms INFO  tls: CA load complete path=game:\cacert.pem bytes=188900 skipped_certificates=59
001454 +0000227123ms INFO  tls: handshake begin host=games.geforce.com
001455 +0000227170ms INFO  tls: connect complete host=games.geforce.com port=443 spins=0 elapsed_ms=126
001456 +0000228560ms INFO  http: request end method=POST url=https://games.geforce.com/graphql status=200 response_bytes=348873 elapsed_ms=1519
001457 +0000228669ms INFO  catalog: page fetched page=17 items=120 accumulated=2040 total=5958 has_next=1 cursor_advanced=1
001458 +0000228675ms INFO  http: request begin method=POST url=https://games.geforce.com/graphql request_bytes=728 headers=16
001459 +0000228677ms INFO  tls: connect begin host=games.geforce.com port=443 ca=game:\cacert.pem
001460 +0000228679ms INFO  socket: preflight mode=XNet bypass-security plus DashLaunch sockpatch
001461 +0000228686ms INFO  dns: lookup complete host=games.geforce.com status=0 addresses=4 elapsed_ms=5
001462 +0000228688ms INFO  socket: resolved endpoint host=games.geforce.com ipv4=13.225.196.27 port=443 raw=0x0de1c41b
001463 +0000228690ms DEBUG socket: probe attempt=1 strategy=5801-only create=0x1a554000 wsa=0
001464 +0000228698ms INFO  socket: probe result strategy=5801-only opt5802=0/0 opt5801=0/0 connect=0/0 elapsed_ms=21
001465 +0000228702ms DEBUG tls: CA load begin path=game:\cacert.pem
001466 +0000228746ms INFO  tls: CA load complete path=game:\cacert.pem bytes=188900 skipped_certificates=59
001467 +0000228748ms INFO  tls: handshake begin host=games.geforce.com
001468 +0000228797ms INFO  tls: connect complete host=games.geforce.com port=443 spins=0 elapsed_ms=120
001469 +0000230017ms INFO  http: request end method=POST url=https://games.geforce.com/graphql status=200 response_bytes=347472 elapsed_ms=1342
001470 +0000230130ms INFO  catalog: page fetched page=18 items=120 accumulated=2160 total=5958 has_next=1 cursor_advanced=1
001471 +0000230136ms INFO  http: request begin method=POST url=https://games.geforce.com/graphql request_bytes=728 headers=16
001472 +0000230138ms INFO  tls: connect begin host=games.geforce.com port=443 ca=game:\cacert.pem
001473 +0000230139ms INFO  socket: preflight mode=XNet bypass-security plus DashLaunch sockpatch
001474 +0000230145ms INFO  dns: lookup complete host=games.geforce.com status=0 addresses=4 elapsed_ms=4
001475 +0000230149ms INFO  socket: resolved endpoint host=games.geforce.com ipv4=13.225.196.30 port=443 raw=0x0de1c41e
001476 +0000230151ms DEBUG socket: probe attempt=1 strategy=5801-only create=0x1a555000 wsa=0
001477 +0000230157ms INFO  socket: probe result strategy=5801-only opt5802=0/0 opt5801=0/0 connect=0/0 elapsed_ms=19
001478 +0000230159ms DEBUG tls: CA load begin path=game:\cacert.pem
001479 +0000230201ms INFO  tls: CA load complete path=game:\cacert.pem bytes=188900 skipped_certificates=59
001480 +0000230203ms INFO  tls: handshake begin host=games.geforce.com
001481 +0000230246ms INFO  tls: connect complete host=games.geforce.com port=443 spins=0 elapsed_ms=108
001482 +0000231184ms INFO  http: request end method=POST url=https://games.geforce.com/graphql status=200 response_bytes=333362 elapsed_ms=1048
001483 +0000231292ms INFO  catalog: page fetched page=19 items=120 accumulated=2280 total=5958 has_next=1 cursor_advanced=1
001484 +0000231298ms INFO  http: request begin method=POST url=https://games.geforce.com/graphql request_bytes=728 headers=16
001485 +0000231300ms INFO  tls: connect begin host=games.geforce.com port=443 ca=game:\cacert.pem
001486 +0000231302ms INFO  socket: preflight mode=XNet bypass-security plus DashLaunch sockpatch
001487 +0000231310ms INFO  dns: lookup complete host=games.geforce.com status=0 addresses=4 elapsed_ms=6
001488 +0000231313ms INFO  socket: resolved endpoint host=games.geforce.com ipv4=13.225.196.118 port=443 raw=0x0de1c476
001489 +0000231315ms DEBUG socket: probe attempt=1 strategy=5801-only create=0x1a556000 wsa=0
001490 +0000231325ms INFO  socket: probe result strategy=5801-only opt5802=0/0 opt5801=0/0 connect=0/0 elapsed_ms=25
001491 +0000231327ms DEBUG tls: CA load begin path=game:\cacert.pem
001492 +0000231371ms INFO  tls: CA load complete path=game:\cacert.pem bytes=188900 skipped_certificates=59
001493 +0000231373ms INFO  tls: handshake begin host=games.geforce.com
001494 +0000231427ms INFO  tls: connect complete host=games.geforce.com port=443 spins=0 elapsed_ms=127
001495 +0000232279ms INFO  http: request end method=POST url=https://games.geforce.com/graphql status=200 response_bytes=324132 elapsed_ms=981
001496 +0000232399ms INFO  catalog: page fetched page=20 items=120 accumulated=2400 total=5958 has_next=1 cursor_advanced=1
001497 +0000232408ms INFO  http: request begin method=POST url=https://games.geforce.com/graphql request_bytes=728 headers=16
001498 +0000232409ms INFO  tls: connect begin host=games.geforce.com port=443 ca=game:\cacert.pem
001499 +0000232411ms INFO  socket: preflight mode=XNet bypass-security plus DashLaunch sockpatch
001500 +0000232419ms INFO  dns: lookup complete host=games.geforce.com status=0 addresses=4 elapsed_ms=6
001501 +0000232421ms INFO  socket: resolved endpoint host=games.geforce.com ipv4=13.225.196.29 port=443 raw=0x0de1c41d
001502 +0000232423ms DEBUG socket: probe attempt=1 strategy=5801-only create=0x1a557000 wsa=0
001503 +0000232430ms INFO  socket: probe result strategy=5801-only opt5802=0/0 opt5801=0/0 connect=0/0 elapsed_ms=21
001504 +0000232432ms DEBUG tls: CA load begin path=game:\cacert.pem
001505 +0000232476ms INFO  tls: CA load complete path=game:\cacert.pem bytes=188900 skipped_certificates=59
001506 +0000232478ms INFO  tls: handshake begin host=games.geforce.com
001507 +0000232520ms INFO  tls: connect complete host=games.geforce.com port=443 spins=0 elapsed_ms=111
001508 +0000233365ms INFO  http: request end method=POST url=https://games.geforce.com/graphql status=200 response_bytes=344423 elapsed_ms=957
001509 +0000233477ms INFO  catalog: page fetched page=21 items=120 accumulated=2520 total=5958 has_next=1 cursor_advanced=1
001510 +0000233483ms INFO  http: request begin method=POST url=https://games.geforce.com/graphql request_bytes=728 headers=16
001511 +0000233485ms INFO  tls: connect begin host=games.geforce.com port=443 ca=game:\cacert.pem
001512 +0000233486ms INFO  socket: preflight mode=XNet bypass-security plus DashLaunch sockpatch
001513 +0000233495ms INFO  dns: lookup complete host=games.geforce.com status=0 addresses=4 elapsed_ms=6
001514 +0000233498ms INFO  socket: resolved endpoint host=games.geforce.com ipv4=13.225.196.27 port=443 raw=0x0de1c41b
001515 +0000233500ms DEBUG socket: probe attempt=1 strategy=5801-only create=0x1a558000 wsa=0
001516 +0000233508ms INFO  socket: probe result strategy=5801-only opt5802=0/0 opt5801=0/0 connect=0/0 elapsed_ms=23
001517 +0000233510ms DEBUG tls: CA load begin path=game:\cacert.pem
001518 +0000233552ms INFO  tls: CA load complete path=game:\cacert.pem bytes=188900 skipped_certificates=59
001519 +0000233554ms INFO  tls: handshake begin host=games.geforce.com
001520 +0000233631ms INFO  tls: connect complete host=games.geforce.com port=443 spins=0 elapsed_ms=146
001521 +0000234487ms INFO  http: request end method=POST url=https://games.geforce.com/graphql status=200 response_bytes=319905 elapsed_ms=1004
001522 +0000234594ms INFO  catalog: page fetched page=22 items=120 accumulated=2640 total=5958 has_next=1 cursor_advanced=1
001523 +0000234600ms INFO  http: request begin method=POST url=https://games.geforce.com/graphql request_bytes=728 headers=16
001524 +0000234602ms INFO  tls: connect begin host=games.geforce.com port=443 ca=game:\cacert.pem
001525 +0000234604ms INFO  socket: preflight mode=XNet bypass-security plus DashLaunch sockpatch
001526 +0000234611ms INFO  dns: lookup complete host=games.geforce.com status=0 addresses=4 elapsed_ms=4
001527 +0000234613ms INFO  socket: resolved endpoint host=games.geforce.com ipv4=13.225.196.30 port=443 raw=0x0de1c41e
001528 +0000234615ms DEBUG socket: probe attempt=1 strategy=5801-only create=0x1a559000 wsa=0
001529 +0000234628ms INFO  socket: probe result strategy=5801-only opt5802=0/0 opt5801=0/0 connect=0/0 elapsed_ms=26
001530 +0000234632ms DEBUG tls: CA load begin path=game:\cacert.pem
001531 +0000234683ms INFO  tls: CA load complete path=game:\cacert.pem bytes=188900 skipped_certificates=59
001532 +0000234687ms INFO  tls: handshake begin host=games.geforce.com
001533 +0000234750ms INFO  tls: connect complete host=games.geforce.com port=443 spins=0 elapsed_ms=148
001534 +0000235709ms INFO  http: request end method=POST url=https://games.geforce.com/graphql status=200 response_bytes=330509 elapsed_ms=1109
001535 +0000235817ms INFO  catalog: page fetched page=23 items=120 accumulated=2760 total=5958 has_next=1 cursor_advanced=1
001536 +0000235823ms INFO  http: request begin method=POST url=https://games.geforce.com/graphql request_bytes=728 headers=16
001537 +0000235825ms INFO  tls: connect begin host=games.geforce.com port=443 ca=game:\cacert.pem
001538 +0000235827ms INFO  socket: preflight mode=XNet bypass-security plus DashLaunch sockpatch
001539 +0000235834ms INFO  dns: lookup complete host=games.geforce.com status=0 addresses=4 elapsed_ms=5
001540 +0000235836ms INFO  socket: resolved endpoint host=games.geforce.com ipv4=13.225.196.118 port=443 raw=0x0de1c476
001541 +0000235838ms DEBUG socket: probe attempt=1 strategy=5801-only create=0x1a55a000 wsa=0
001542 +0000235861ms INFO  socket: probe result strategy=5801-only opt5802=0/0 opt5801=0/0 connect=0/0 elapsed_ms=36
001543 +0000235863ms DEBUG tls: CA load begin path=game:\cacert.pem
001544 +0000235906ms INFO  tls: CA load complete path=game:\cacert.pem bytes=188900 skipped_certificates=59
001545 +0000235908ms INFO  tls: handshake begin host=games.geforce.com
001546 +0000235966ms INFO  tls: connect complete host=games.geforce.com port=443 spins=0 elapsed_ms=141
001547 +0000236866ms INFO  http: request end method=POST url=https://games.geforce.com/graphql status=200 response_bytes=359887 elapsed_ms=1043
001548 +0000236973ms INFO  catalog: page fetched page=24 items=120 accumulated=2880 total=5958 has_next=1 cursor_advanced=1
001549 +0000236979ms INFO  http: request begin method=POST url=https://games.geforce.com/graphql request_bytes=728 headers=16
001550 +0000236981ms INFO  tls: connect begin host=games.geforce.com port=443 ca=game:\cacert.pem
001551 +0000236983ms INFO  socket: preflight mode=XNet bypass-security plus DashLaunch sockpatch
001552 +0000237002ms INFO  dns: lookup complete host=games.geforce.com status=0 addresses=4 elapsed_ms=16
001553 +0000237004ms INFO  socket: resolved endpoint host=games.geforce.com ipv4=13.225.196.29 port=443 raw=0x0de1c41d
001554 +0000237006ms DEBUG socket: probe attempt=1 strategy=5801-only create=0x1a55b000 wsa=0
001555 +0000237013ms INFO  socket: probe result strategy=5801-only opt5802=0/0 opt5801=0/0 connect=0/0 elapsed_ms=32
001556 +0000237015ms DEBUG tls: CA load begin path=game:\cacert.pem
001557 +0000237057ms INFO  tls: CA load complete path=game:\cacert.pem bytes=188900 skipped_certificates=59
001558 +0000237059ms INFO  tls: handshake begin host=games.geforce.com
001559 +0000237103ms INFO  tls: connect complete host=games.geforce.com port=443 spins=0 elapsed_ms=122
001560 +0000237713ms INFO  http: request end method=POST url=https://games.geforce.com/graphql status=200 response_bytes=326795 elapsed_ms=734
001561 +0000237825ms INFO  catalog: page fetched page=25 items=120 accumulated=3000 total=5958 has_next=1 cursor_advanced=1
001562 +0000237831ms INFO  http: request begin method=POST url=https://games.geforce.com/graphql request_bytes=728 headers=16
001563 +0000237833ms INFO  tls: connect begin host=games.geforce.com port=443 ca=game:\cacert.pem
001564 +0000237835ms INFO  socket: preflight mode=XNet bypass-security plus DashLaunch sockpatch
001565 +0000237844ms INFO  dns: lookup complete host=games.geforce.com status=0 addresses=4 elapsed_ms=6
001566 +0000237847ms INFO  socket: resolved endpoint host=games.geforce.com ipv4=13.225.196.27 port=443 raw=0x0de1c41b
001567 +0000237849ms DEBUG socket: probe attempt=1 strategy=5801-only create=0x1a55c000 wsa=0
001568 +0000237857ms INFO  socket: probe result strategy=5801-only opt5802=0/0 opt5801=0/0 connect=0/0 elapsed_ms=24
001569 +0000237859ms DEBUG tls: CA load begin path=game:\cacert.pem
001570 +0000237901ms INFO  tls: CA load complete path=game:\cacert.pem bytes=188900 skipped_certificates=59
001571 +0000237903ms INFO  tls: handshake begin host=games.geforce.com
001572 +0000237948ms INFO  tls: connect complete host=games.geforce.com port=443 spins=0 elapsed_ms=115
001573 +0000238807ms INFO  http: request end method=POST url=https://games.geforce.com/graphql status=200 response_bytes=323658 elapsed_ms=976
001574 +0000238911ms INFO  catalog: page fetched page=26 items=120 accumulated=3120 total=5958 has_next=1 cursor_advanced=1
001575 +0000238918ms INFO  http: request begin method=POST url=https://games.geforce.com/graphql request_bytes=728 headers=16
001576 +0000238920ms INFO  tls: connect begin host=games.geforce.com port=443 ca=game:\cacert.pem
001577 +0000238922ms INFO  socket: preflight mode=XNet bypass-security plus DashLaunch sockpatch
001578 +0000238949ms INFO  dns: lookup complete host=games.geforce.com status=0 addresses=4 elapsed_ms=24
001579 +0000238951ms INFO  socket: resolved endpoint host=games.geforce.com ipv4=13.225.196.30 port=443 raw=0x0de1c41e
001580 +0000238953ms DEBUG socket: probe attempt=1 strategy=5801-only create=0x1a55d000 wsa=0
001581 +0000238959ms INFO  socket: probe result strategy=5801-only opt5802=0/0 opt5801=0/0 connect=0/0 elapsed_ms=39
001582 +0000238961ms DEBUG tls: CA load begin path=game:\cacert.pem
001583 +0000239004ms INFO  tls: CA load complete path=game:\cacert.pem bytes=188900 skipped_certificates=59
001584 +0000239007ms INFO  tls: handshake begin host=games.geforce.com
001585 +0000239056ms INFO  tls: connect complete host=games.geforce.com port=443 spins=0 elapsed_ms=136
001586 +0000240216ms INFO  http: request end method=POST url=https://games.geforce.com/graphql status=200 response_bytes=352465 elapsed_ms=1298
001587 +0000240324ms INFO  catalog: page fetched page=27 items=120 accumulated=3240 total=5958 has_next=1 cursor_advanced=1
001588 +0000240340ms INFO  http: request begin method=POST url=https://games.geforce.com/graphql request_bytes=728 headers=16
001589 +0000240342ms INFO  tls: connect begin host=games.geforce.com port=443 ca=game:\cacert.pem
001590 +0000240344ms INFO  socket: preflight mode=XNet bypass-security plus DashLaunch sockpatch
001591 +0000240352ms INFO  dns: lookup complete host=games.geforce.com status=0 addresses=4 elapsed_ms=6
001592 +0000240354ms INFO  socket: resolved endpoint host=games.geforce.com ipv4=13.225.196.118 port=443 raw=0x0de1c476
001593 +0000240356ms DEBUG socket: probe attempt=1 strategy=5801-only create=0x1a55e000 wsa=0
001594 +0000240374ms INFO  socket: probe result strategy=5801-only opt5802=0/0 opt5801=0/0 connect=0/0 elapsed_ms=32
001595 +0000240376ms DEBUG tls: CA load begin path=game:\cacert.pem
001596 +0000240419ms INFO  tls: CA load complete path=game:\cacert.pem bytes=188900 skipped_certificates=59
001597 +0000240421ms INFO  tls: handshake begin host=games.geforce.com
001598 +0000240477ms INFO  tls: connect complete host=games.geforce.com port=443 spins=0 elapsed_ms=135
001599 +0000241175ms INFO  http: request end method=POST url=https://games.geforce.com/graphql status=200 response_bytes=316504 elapsed_ms=835
001600 +0000241285ms INFO  catalog: page fetched page=28 items=120 accumulated=3360 total=5958 has_next=1 cursor_advanced=1
001601 +0000241292ms INFO  http: request begin method=POST url=https://games.geforce.com/graphql request_bytes=728 headers=16
001602 +0000241294ms INFO  tls: connect begin host=games.geforce.com port=443 ca=game:\cacert.pem
001603 +0000241297ms INFO  socket: preflight mode=XNet bypass-security plus DashLaunch sockpatch
001604 +0000241317ms INFO  dns: lookup complete host=games.geforce.com status=0 addresses=4 elapsed_ms=16
001605 +0000241321ms INFO  socket: resolved endpoint host=games.geforce.com ipv4=13.225.196.29 port=443 raw=0x0de1c41d
001606 +0000241322ms DEBUG socket: probe attempt=1 strategy=5801-only create=0x1a55f000 wsa=0
001607 +0000241328ms INFO  socket: probe result strategy=5801-only opt5802=0/0 opt5801=0/0 connect=0/0 elapsed_ms=34
001608 +0000241330ms DEBUG tls: CA load begin path=game:\cacert.pem
001609 +0000241374ms INFO  tls: CA load complete path=game:\cacert.pem bytes=188900 skipped_certificates=59
001610 +0000241377ms INFO  tls: handshake begin host=games.geforce.com
001611 +0000241426ms INFO  tls: connect complete host=games.geforce.com port=443 spins=0 elapsed_ms=132
001612 +0000242506ms INFO  http: request end method=POST url=https://games.geforce.com/graphql status=200 response_bytes=351333 elapsed_ms=1214
001613 +0000242620ms INFO  catalog: page fetched page=29 items=120 accumulated=3480 total=5958 has_next=1 cursor_advanced=1
001614 +0000242626ms INFO  http: request begin method=POST url=https://games.geforce.com/graphql request_bytes=728 headers=16
001615 +0000242628ms INFO  tls: connect begin host=games.geforce.com port=443 ca=game:\cacert.pem
001616 +0000242630ms INFO  socket: preflight mode=XNet bypass-security plus DashLaunch sockpatch
001617 +0000242649ms INFO  dns: lookup complete host=games.geforce.com status=0 addresses=4 elapsed_ms=18
001618 +0000242651ms INFO  socket: resolved endpoint host=games.geforce.com ipv4=13.225.196.27 port=443 raw=0x0de1c41b
001619 +0000242653ms DEBUG socket: probe attempt=1 strategy=5801-only create=0x1a560000 wsa=0
001620 +0000242661ms INFO  socket: probe result strategy=5801-only opt5802=0/0 opt5801=0/0 connect=0/0 elapsed_ms=33
001621 +0000242663ms DEBUG tls: CA load begin path=game:\cacert.pem
001622 +0000242705ms INFO  tls: CA load complete path=game:\cacert.pem bytes=188900 skipped_certificates=59
001623 +0000242707ms INFO  tls: handshake begin host=games.geforce.com
001624 +0000242753ms INFO  tls: connect complete host=games.geforce.com port=443 spins=0 elapsed_ms=125
001625 +0000243451ms INFO  http: request end method=POST url=https://games.geforce.com/graphql status=200 response_bytes=337227 elapsed_ms=825
001626 +0000243584ms INFO  catalog: page fetched page=30 items=120 accumulated=3600 total=5958 has_next=1 cursor_advanced=1
001627 +0000243590ms INFO  http: request begin method=POST url=https://games.geforce.com/graphql request_bytes=728 headers=16
001628 +0000243593ms INFO  tls: connect begin host=games.geforce.com port=443 ca=game:\cacert.pem
001629 +0000243595ms INFO  socket: preflight mode=XNet bypass-security plus DashLaunch sockpatch
001630 +0000243604ms INFO  dns: lookup complete host=games.geforce.com status=0 addresses=4 elapsed_ms=6
001631 +0000243606ms INFO  socket: resolved endpoint host=games.geforce.com ipv4=13.225.196.30 port=443 raw=0x0de1c41e
001632 +0000243608ms DEBUG socket: probe attempt=1 strategy=5801-only create=0x1a561000 wsa=0
001633 +0000243616ms INFO  socket: probe result strategy=5801-only opt5802=0/0 opt5801=0/0 connect=0/0 elapsed_ms=23
001634 +0000243619ms DEBUG tls: CA load begin path=game:\cacert.pem
001635 +0000243662ms INFO  tls: CA load complete path=game:\cacert.pem bytes=188900 skipped_certificates=59
001636 +0000243664ms INFO  tls: handshake begin host=games.geforce.com
001637 +0000243707ms INFO  tls: connect complete host=games.geforce.com port=443 spins=0 elapsed_ms=114
001638 +0000244599ms INFO  http: request end method=POST url=https://games.geforce.com/graphql status=200 response_bytes=332441 elapsed_ms=1008
001639 +0000244705ms INFO  catalog: page fetched page=31 items=120 accumulated=3720 total=5958 has_next=1 cursor_advanced=1
001640 +0000244711ms INFO  http: request begin method=POST url=https://games.geforce.com/graphql request_bytes=728 headers=16
001641 +0000244713ms INFO  tls: connect begin host=games.geforce.com port=443 ca=game:\cacert.pem
001642 +0000244715ms INFO  socket: preflight mode=XNet bypass-security plus DashLaunch sockpatch
001643 +0000244724ms INFO  dns: lookup complete host=games.geforce.com status=0 addresses=4 elapsed_ms=6
001644 +0000244727ms INFO  socket: resolved endpoint host=games.geforce.com ipv4=13.225.196.118 port=443 raw=0x0de1c476
001645 +0000244729ms DEBUG socket: probe attempt=1 strategy=5801-only create=0x1a562000 wsa=0
001646 +0000244736ms INFO  socket: probe result strategy=5801-only opt5802=0/0 opt5801=0/0 connect=0/0 elapsed_ms=23
001647 +0000244738ms DEBUG tls: CA load begin path=game:\cacert.pem
001648 +0000244781ms INFO  tls: CA load complete path=game:\cacert.pem bytes=188900 skipped_certificates=59
001649 +0000244783ms INFO  tls: handshake begin host=games.geforce.com
001650 +0000244827ms INFO  tls: connect complete host=games.geforce.com port=443 spins=0 elapsed_ms=114
001651 +0000245508ms INFO  http: request end method=POST url=https://games.geforce.com/graphql status=200 response_bytes=334272 elapsed_ms=797
001652 +0000245615ms INFO  catalog: page fetched page=32 items=120 accumulated=3840 total=5958 has_next=1 cursor_advanced=1
001653 +0000245621ms INFO  http: request begin method=POST url=https://games.geforce.com/graphql request_bytes=728 headers=16
001654 +0000245623ms INFO  tls: connect begin host=games.geforce.com port=443 ca=game:\cacert.pem
001655 +0000245625ms INFO  socket: preflight mode=XNet bypass-security plus DashLaunch sockpatch
001656 +0000245635ms INFO  dns: lookup complete host=games.geforce.com status=0 addresses=4 elapsed_ms=6
001657 +0000245638ms INFO  socket: resolved endpoint host=games.geforce.com ipv4=13.225.196.29 port=443 raw=0x0de1c41d
001658 +0000245640ms DEBUG socket: probe attempt=1 strategy=5801-only create=0x1a563000 wsa=0
001659 +0000245647ms INFO  socket: probe result strategy=5801-only opt5802=0/0 opt5801=0/0 connect=0/0 elapsed_ms=24
001660 +0000245649ms DEBUG tls: CA load begin path=game:\cacert.pem
001661 +0000245692ms INFO  tls: CA load complete path=game:\cacert.pem bytes=188900 skipped_certificates=59
001662 +0000245694ms INFO  tls: handshake begin host=games.geforce.com
001663 +0000245742ms INFO  tls: connect complete host=games.geforce.com port=443 spins=0 elapsed_ms=119
001664 +0000246609ms INFO  http: request end method=POST url=https://games.geforce.com/graphql status=200 response_bytes=334352 elapsed_ms=987
001665 +0000246714ms INFO  catalog: page fetched page=33 items=120 accumulated=3960 total=5958 has_next=1 cursor_advanced=1
001666 +0000246720ms INFO  http: request begin method=POST url=https://games.geforce.com/graphql request_bytes=728 headers=16
001667 +0000246722ms INFO  tls: connect begin host=games.geforce.com port=443 ca=game:\cacert.pem
001668 +0000246725ms INFO  socket: preflight mode=XNet bypass-security plus DashLaunch sockpatch
001669 +0000246736ms INFO  dns: lookup complete host=games.geforce.com status=0 addresses=4 elapsed_ms=8
001670 +0000246738ms INFO  socket: resolved endpoint host=games.geforce.com ipv4=13.225.196.27 port=443 raw=0x0de1c41b
001671 +0000246740ms DEBUG socket: probe attempt=1 strategy=5801-only create=0x1a564000 wsa=0
001672 +0000246748ms INFO  socket: probe result strategy=5801-only opt5802=0/0 opt5801=0/0 connect=0/0 elapsed_ms=26
001673 +0000246750ms DEBUG tls: CA load begin path=game:\cacert.pem
001674 +0000246793ms INFO  tls: CA load complete path=game:\cacert.pem bytes=188900 skipped_certificates=59
001675 +0000246795ms INFO  tls: handshake begin host=games.geforce.com
001676 +0000246842ms INFO  tls: connect complete host=games.geforce.com port=443 spins=0 elapsed_ms=120
001677 +0000247669ms INFO  http: request end method=POST url=https://games.geforce.com/graphql status=200 response_bytes=333608 elapsed_ms=949
001678 +0000247777ms INFO  catalog: page fetched page=34 items=120 accumulated=4080 total=5958 has_next=1 cursor_advanced=1
001679 +0000247932ms INFO  http: request begin method=POST url=https://games.geforce.com/graphql request_bytes=728 headers=16
001680 +0000247933ms INFO  tls: connect begin host=games.geforce.com port=443 ca=game:\cacert.pem
001681 +0000247935ms INFO  socket: preflight mode=XNet bypass-security plus DashLaunch sockpatch
001682 +0000247943ms INFO  dns: lookup complete host=games.geforce.com status=0 addresses=4 elapsed_ms=6
001683 +0000247945ms INFO  socket: resolved endpoint host=games.geforce.com ipv4=13.225.196.30 port=443 raw=0x0de1c41e
001684 +0000247947ms DEBUG socket: probe attempt=1 strategy=5801-only create=0x1a565000 wsa=0
001685 +0000247956ms INFO  socket: probe result strategy=5801-only opt5802=0/0 opt5801=0/0 connect=0/0 elapsed_ms=23
001686 +0000247958ms DEBUG tls: CA load begin path=game:\cacert.pem
001687 +0000248001ms INFO  tls: CA load complete path=game:\cacert.pem bytes=188900 skipped_certificates=59
001688 +0000248004ms INFO  tls: handshake begin host=games.geforce.com
001689 +0000248049ms INFO  tls: connect complete host=games.geforce.com port=443 spins=0 elapsed_ms=116
001690 +0000248641ms INFO  http: request end method=POST url=https://games.geforce.com/graphql status=200 response_bytes=352150 elapsed_ms=709
001691 +0000248750ms INFO  catalog: page fetched page=35 items=120 accumulated=4200 total=5958 has_next=1 cursor_advanced=1
001692 +0000248756ms INFO  http: request begin method=POST url=https://games.geforce.com/graphql request_bytes=728 headers=16
001693 +0000248758ms INFO  tls: connect begin host=games.geforce.com port=443 ca=game:\cacert.pem
001694 +0000248760ms INFO  socket: preflight mode=XNet bypass-security plus DashLaunch sockpatch
001695 +0000248772ms INFO  dns: lookup complete host=games.geforce.com status=0 addresses=4 elapsed_ms=10
001696 +0000248775ms INFO  socket: resolved endpoint host=games.geforce.com ipv4=13.225.196.118 port=443 raw=0x0de1c476
001697 +0000248777ms DEBUG socket: probe attempt=1 strategy=5801-only create=0x1a566000 wsa=0
001698 +0000248784ms INFO  socket: probe result strategy=5801-only opt5802=0/0 opt5801=0/0 connect=0/0 elapsed_ms=26
001699 +0000248786ms DEBUG tls: CA load begin path=game:\cacert.pem
001700 +0000248830ms INFO  tls: CA load complete path=game:\cacert.pem bytes=188900 skipped_certificates=59
001701 +0000248832ms INFO  tls: handshake begin host=games.geforce.com
001702 +0000248885ms INFO  tls: connect complete host=games.geforce.com port=443 spins=0 elapsed_ms=127
001703 +0000250191ms INFO  http: request end method=POST url=https://games.geforce.com/graphql status=200 response_bytes=357604 elapsed_ms=1435
001704 +0000250301ms INFO  catalog: page fetched page=36 items=120 accumulated=4320 total=5958 has_next=1 cursor_advanced=1
001705 +0000250308ms INFO  http: request begin method=POST url=https://games.geforce.com/graphql request_bytes=728 headers=16
001706 +0000250310ms INFO  tls: connect begin host=games.geforce.com port=443 ca=game:\cacert.pem
001707 +0000250313ms INFO  socket: preflight mode=XNet bypass-security plus DashLaunch sockpatch
001708 +0000250323ms INFO  dns: lookup complete host=games.geforce.com status=0 addresses=4 elapsed_ms=8
001709 +0000250326ms INFO  socket: resolved endpoint host=games.geforce.com ipv4=13.225.196.29 port=443 raw=0x0de1c41d
001710 +0000250328ms DEBUG socket: probe attempt=1 strategy=5801-only create=0x1a567000 wsa=0
001711 +0000250337ms INFO  socket: probe result strategy=5801-only opt5802=0/0 opt5801=0/0 connect=0/0 elapsed_ms=27
001712 +0000250341ms DEBUG tls: CA load begin path=game:\cacert.pem
001713 +0000250386ms INFO  tls: CA load complete path=game:\cacert.pem bytes=188900 skipped_certificates=59
001714 +0000250389ms INFO  tls: handshake begin host=games.geforce.com
001715 +0000250434ms INFO  tls: connect complete host=games.geforce.com port=443 spins=0 elapsed_ms=124
001716 +0000251271ms INFO  http: request end method=POST url=https://games.geforce.com/graphql status=200 response_bytes=354282 elapsed_ms=964
001717 +0000251381ms INFO  catalog: page fetched page=37 items=120 accumulated=4440 total=5958 has_next=1 cursor_advanced=1
001718 +0000251387ms INFO  http: request begin method=POST url=https://games.geforce.com/graphql request_bytes=728 headers=16
001719 +0000251389ms INFO  tls: connect begin host=games.geforce.com port=443 ca=game:\cacert.pem
001720 +0000251391ms INFO  socket: preflight mode=XNet bypass-security plus DashLaunch sockpatch
001721 +0000251399ms INFO  dns: lookup complete host=games.geforce.com status=0 addresses=4 elapsed_ms=6
001722 +0000251401ms INFO  socket: resolved endpoint host=games.geforce.com ipv4=13.225.196.27 port=443 raw=0x0de1c41b
001723 +0000251403ms DEBUG socket: probe attempt=1 strategy=5801-only create=0x1a568000 wsa=0
001724 +0000251417ms INFO  socket: probe result strategy=5801-only opt5802=0/0 opt5801=0/0 connect=0/0 elapsed_ms=28
001725 +0000251419ms DEBUG tls: CA load begin path=game:\cacert.pem
001726 +0000251462ms INFO  tls: CA load complete path=game:\cacert.pem bytes=188900 skipped_certificates=59
001727 +0000251464ms INFO  tls: handshake begin host=games.geforce.com
001728 +0000251516ms INFO  tls: connect complete host=games.geforce.com port=443 spins=0 elapsed_ms=127
